﻿<?xml version="1.0" encoding="utf-8"?>
<Relius_Admin_Doc_Link Version="1.0">
  <Plan_Data>
    <Documents_Specific_Data>
      <!--Data Shared From RD-->
      <ProductId>19639</ProductId>
      <ProductName>403(b) 2017 Comprehensive</ProductName>
      <ProductVersion>5.0</ProductVersion>
      <ProjectId>{cad1b8e6-c008-451f-a781-99f6bb31fad8}</ProjectId>
      <ProjectName>12757 Northern Lights</ProjectName>
      <FileLocation></FileLocation>
    </Documents_Specific_Data>
    <Admin_Specific_Data>
      <!--Data Shared From RA-->
    </Admin_Specific_Data>
    <Employer_Common_Data>
      <!--Employer Data Common to both RA and RD-->
      <CompanyName>Northern Lights Services, Inc. dba Northern Lights Health Center</CompanyName>
      <StreetAddress>706 Bratley Drive</StreetAddress>
      <CityAddress>Washburn</CityAddress>
      <StateAddress>WI</StateAddress>
      <ZipAddress>54891</ZipAddress>
      <PhoneNumber>(715) 373-5621</PhoneNumber>
      <EmployerIdentificationNumber>39-0808453</EmployerIdentificationNumber>
    </Employer_Common_Data>
    <Plan_Common_Data>
      <!--General Data Common to Both-->
      <PlanData FieldName="PlanNameA">Northern Lights Services, Inc. 403(b) Tax Deferred Savings Program </PlanData>
      <PlanData FieldName="Prod403bComprehensive"></PlanData>
      <PlanData FieldName="ReleaseDate"></PlanData>
      <PlanData FieldName="TaxExempt"></PlanData>
      <PlanData FieldName="Entity"></PlanData>
      <PlanData FieldName="NERISA404cComply"></PlanData>
      <PlanData FieldName="PYDecember31"></PlanData>
      <PlanData FieldName="AmendRestate"></PlanData>
      <PlanData FieldName="InitialEffectiveDate">1990-01-01</PlanData>
      <PlanData FieldName="LastAmendDate">2010-01-01</PlanData>
      <PlanData FieldName="PreTaxDeferrals"></PlanData>
      <PlanData FieldName="MatchingContributions"></PlanData>
      <PlanData FieldName="NonelectiveContributions"></PlanData>
      <PlanData FieldName="RothYes"></PlanData>
      <PlanData FieldName="EEEligDiffExclApply"></PlanData>
      <PlanData FieldName="ExceptEEOther">Casual/PRN employees are excluded from all Employer contributions.</PlanData>
      <PlanData FieldName="415Comp"></PlanData>
      <PlanData FieldName="415CompAllContr"></PlanData>
      <PlanData FieldName="PreEntryCompPartComp"></PlanData>
      <PlanData FieldName="PreEntryCompPartCompAllContr"></PlanData>
      <PlanData FieldName="415RegPosSevAdjSameAllContr"></PlanData>
      <PlanData FieldName="Final415RegExcDefComp"></PlanData>
      <PlanData FieldName="415RegExclDefCompAllContr"></PlanData>
      <PlanData FieldName="CompAdjSameAllContr"></PlanData>
      <PlanData FieldName="CompAdjExclFringeBen"></PlanData>
      <PlanData FieldName="CompAdjExclFringeBenAllContr"></PlanData>
      <PlanData FieldName="HOSActual"></PlanData>
      <PlanData FieldName="HOSActualAll"></PlanData>
      <PlanData FieldName="ElecServCreditNA"></PlanData>
      <PlanData FieldName="AgeOther">18</PlanData>
      <PlanData FieldName="YRServReq"></PlanData>
      <PlanData FieldName="AgeOtherMatch"></PlanData>
      <PlanData FieldName="AgeOtherNonElect"></PlanData>
      <PlanData FieldName="YRServReqMatch"></PlanData>
      <PlanData FieldName="YRServReqNonelect"></PlanData>
      <PlanData FieldName="EligCompPerPY"></PlanData>
      <PlanData FieldName="YOSOtherMethMain"></PlanData>
      <PlanData FieldName="YOSEligCompPer"></PlanData>
      <PlanData FieldName="SameDateReqMet"></PlanData>
      <PlanData FieldName="SameDateReqMetMatch"></PlanData>
      <PlanData FieldName="SameDateReqMetNonElect"></PlanData>
      <PlanData FieldName="AutoDefDoNotApply"></PlanData>
      <PlanData FieldName="AffimDeferNoAutoEscalatn"></PlanData>
      <PlanData FieldName="CatchUpContAge50Yes"></PlanData>
      <PlanData FieldName="QualOrgCatchUp"></PlanData>
      <PlanData FieldName="CatchUpContributions"></PlanData>
      <PlanData FieldName="DiscretMatchContrib"></PlanData>
      <PlanData FieldName="MatchingCatchUPDefer"></PlanData>
      <PlanData FieldName="MatchingCatchUpDeferAge50"></PlanData>
      <PlanData FieldName="MatchingCatchUpDeferQual"></PlanData>
      <PlanData FieldName="NonElectContrAmtTypeDescribe">For non-union employees, the Employer shall contribute to the Plan account a discretionary non-elective contribution.  For union employees, the Employer will contribute to the Plan account an amount equal to a percentage of a Participant's gross compensation that is agreed upon in the union contract.</PlanData>
      <PlanData FieldName="ERFixedContrPerc"></PlanData>
      <PlanData FieldName="ProrataNonelectContAlloc"></PlanData>
      <PlanData FieldName="QNECNotApplicable"></PlanData>
      <PlanData FieldName="NoAllocCond"></PlanData>
      <PlanData FieldName="InPlanRothRolloverNo"></PlanData>
      <PlanData FieldName="ACPTestApply"></PlanData>
      <PlanData FieldName="ACPYRCurrentYR"></PlanData>
      <PlanData FieldName="ACPSHAnnualTest"></PlanData>
      <PlanData FieldName="NRA">65</PlanData>
      <PlanData FieldName="ERANotApplicable"></PlanData>
      <PlanData FieldName="VestTopHvyModERISA"></PlanData>
      <PlanData FieldName="VestSchedule"></PlanData>
      <PlanData FieldName="YOSVestingComp">1,000</PlanData>
      <PlanData FieldName="YOSVestPY"></PlanData>
      <PlanData FieldName="YOSVestPY12"></PlanData>
      <PlanData FieldName="MandDistribution"></PlanData>
      <PlanData FieldName="MandDistributionLimit5000"></PlanData>
      <PlanData FieldName="MandDistr"></PlanData>
      <PlanData FieldName="BenDistribMethDefault"></PlanData>
      <PlanData FieldName="DistrLmpSum"></PlanData>
      <PlanData FieldName="DistrWithdrawMin"></PlanData>
      <PlanData FieldName="PayMethAdHoc"></PlanData>
      <PlanData FieldName="PostSevInvArrange"></PlanData>
      <PlanData FieldName="PostSevInvArrangeUnder"></PlanData>
      <PlanData FieldName="YInServDistr"></PlanData>
      <PlanData FieldName="InServDistrAge"></PlanData>
      <PlanData FieldName="InServDistrHardship"></PlanData>
      <PlanData FieldName="DistribSeveranceEmployYes"></PlanData>
      <PlanData FieldName="InServDistrAge59Must">59 1/2</PlanData>
      <PlanData FieldName="InServDistrAge59MustAllContr"></PlanData>
      <PlanData FieldName="DistribSeveranceEmployAllContr"></PlanData>
      <PlanData FieldName="AnnuitDistrExclJSAPS"></PlanData>
      <PlanData FieldName="AnnuitDistrExclJSAPS1YRNotAppl"></PlanData>
      <PlanData FieldName="YLoans"></PlanData>
      <PlanData FieldName="YRoll"></PlanData>
      <PlanData FieldName="NAMultipleEmployerPlan"></PlanData>
      <PlanData FieldName="SpecialEffDateContrTypeDate">January 1, 2020</PlanData>
      <PlanData FieldName="SpecialEffDateExcludedDate">January 1, 2020</PlanData>
      <PlanData FieldName="SpecialEffDateContrType">(b)(1)</PlanData>
      <PlanData FieldName="SpecialEffDateExcluded">(m)</PlanData>
      <PlanData FieldName="SpecialEffDateForfeit">c, d, f</PlanData>
      <PlanData FieldName="SpecialEffDateForfeitDate">January 1, 2020</PlanData>
      <PlanData FieldName="SpecialEffDateVesting">36(b)(4), 37(a), and 37(b)(1)</PlanData>
      <PlanData FieldName="SpecialEffDateDistrib">39</PlanData>
      <PlanData FieldName="SpecialEffDateOtherElections">(1) Effective January 1, 2015, Employees expected to work less than 1,000 hours during the Plan year were excluded from the Employer Matching contribution.  Effective January 1, 2020, this provision was removed and Employees who are casual/PRN are excluded from all Employer contributions, as elected in 7(m).  (2) From January 1, 2010 to December 31, 2019, the age requirement for Employer contributions was 21.  Effective January 1, 2020, the age requirement is 18, as elected in 14(b).  (3) From January 1, 2010 to December 31, 2019, the vesting schedule on Employer contributions was immediate.  Effective January 1, 2020, the vesting schedule on new Employer contributions is a 5-year graded schedule, as indicated in 36(4).  (4) From January 1, 2010 to April 30, 2018, the Plan permitted 2 loans outstanding at one time.  Effective May 1, 2018, the Plan permitted 3 loans outstanding at one time.  Effective January 1, 2020, the Plan permits 1 loan outstanding for future new loan requests, with any existing participants with more than 1 loan able to continue repayment.</PlanData>
      <PlanData FieldName="SpecialEffDateVestingDate">January 1, 2020</PlanData>
      <PlanData FieldName="SpecialEffDateDistribDate">June 1, 2016</PlanData>
      <PlanData FieldName="BasicPlanOverrideAlternate"></PlanData>
      <PlanData FieldName="BasicPlanOverRideDef"></PlanData>
      <PlanData FieldName="BasicPlanOverrideTranPlan"></PlanData>
      <PlanData FieldName="BasicPlanOverrideTranPlanOther"></PlanData>
      <PlanData FieldName="BasicPlanOverrideTran"></PlanData>
      <PlanData FieldName="FundingVehicle1">Mid Atlantic Trust Company</PlanData>
      <PlanData FieldName="FundingVehicle"></PlanData>
      <PlanData FieldName="FundingVehiclesVendor1">ING Life Insurance &amp; Annuity Company</PlanData>
      <PlanData FieldName="FundingVehiclesVendor"></PlanData>
      <PlanData FieldName="AdmFuncDelEmpPart"></PlanData>
      <PlanData FieldName="AdmFuncDelPartVest"></PlanData>
      <PlanData FieldName="AdmFuncDelDef"></PlanData>
      <PlanData FieldName="AdmFuncDelAcc"></PlanData>
      <PlanData FieldName="AdmFuncDelHard"></PlanData>
      <PlanData FieldName="AdmFuncDelRoll"></PlanData>
      <PlanData FieldName="AdmFuncDelStatus"></PlanData>
      <PlanData FieldName="AdmFuncDel403b"></PlanData>
      <PlanData FieldName="AdmFuncDelComm"></PlanData>
      <PlanData FieldName="AdmFuncDelEmpSt"></PlanData>
      <PlanData FieldName="AdmFuncDelRemit"></PlanData>
      <PlanData FieldName="AdmFuncDelDeliv"></PlanData>
      <PlanData FieldName="AdmFuncDelRec"></PlanData>
      <PlanData FieldName="AdmFuncDelRev"></PlanData>
      <PlanData FieldName="AdmFuncDelEmpPartEmp"></PlanData>
      <PlanData FieldName="AdmFuncDelEmpPartVend"></PlanData>
      <PlanData FieldName="AdmFuncDelPartVestEmp"></PlanData>
      <PlanData FieldName="AdmFuncDelPartVestVend"></PlanData>
      <PlanData FieldName="AdmFuncDelDefEmp"></PlanData>
      <PlanData FieldName="AdmFuncDelDefVend"></PlanData>
      <PlanData FieldName="AdmFuncDelAccEmp"></PlanData>
      <PlanData FieldName="AdmFuncDelAccVend"></PlanData>
      <PlanData FieldName="AdmFuncDelHardEmp"></PlanData>
      <PlanData FieldName="AdmFuncDelHardVend"></PlanData>
      <PlanData FieldName="AdmFuncDelRollVend"></PlanData>
      <PlanData FieldName="AdmFuncDelRollEmp"></PlanData>
      <PlanData FieldName="AdmFuncDelStatusEmp"></PlanData>
      <PlanData FieldName="AdmFuncDelStatusVend"></PlanData>
      <PlanData FieldName="AdmFuncDel403bEmp"></PlanData>
      <PlanData FieldName="AdmFuncDelEmpStEmp"></PlanData>
      <PlanData FieldName="AdmFuncDelRemitEmp"></PlanData>
      <PlanData FieldName="AdmFuncDelDelivEmp"></PlanData>
      <PlanData FieldName="AdmFuncDelDelivVend"></PlanData>
      <PlanData FieldName="AdmFuncDelRecEmp"></PlanData>
      <PlanData FieldName="AdmFuncDelRecVend"></PlanData>
      <PlanData FieldName="AdmFuncDelRevEmp"></PlanData>
      <PlanData FieldName="AdmFuncDelRevVend"></PlanData>
      <PlanData FieldName="AdmFuncDelCommEmp"></PlanData>
      <PlanData FieldName="AdmFuncDelEffDate">January 1, 2020</PlanData>
      <PlanData FieldName="YOSOtherMeth">1,000</PlanData>
      <PlanData FieldName="ForfeitAllocMethAddPlanExp"></PlanData>
      <PlanData FieldName="AllocMethReduceMatch"></PlanData>
      <PlanData FieldName="AllocMethRedNonelect"></PlanData>
      <PlanData FieldName="ReduceMatchAll"></PlanData>
      <PlanData FieldName="RedNonelectAll"></PlanData>
      <PlanData FieldName="ERMCDiscrApplyPay"></PlanData>
      <PlanData FieldName="LoanInterest"></PlanData>
      <PlanData FieldName="PlanLoansLimitPurpose"></PlanData>
      <PlanData FieldName="PlanLoansLimit"></PlanData>
      <PlanData FieldName="PlanLoansTermsHome"></PlanData>
      <PlanData FieldName="PlanLoansTermsLeave"></PlanData>
      <PlanData FieldName="LoanAmtBorrowLT1000"></PlanData>
      <PlanData FieldName="PlanLoansTermsHomePlanAdm"></PlanData>
      <PlanData FieldName="PlanLoansTermsLeaveMil"></PlanData>
      <PlanData FieldName="PlanLoansLimitPurposeAny"></PlanData>
      <PlanData FieldName="PlanLoansLimitAccountPlanAdmn"></PlanData>
      <PlanData FieldName="PlanLoansTermsTrust"></PlanData>
      <PlanData FieldName="LoansLimit"></PlanData>
      <PlanData FieldName="PlanLoansLimitAccount"></PlanData>
      <PlanData FieldName="PlanLoansTermsCharges"></PlanData>
      <PlanData FieldName="PlanLoansTermsAcceler"></PlanData>
      <PlanData FieldName="PlanLoansDefault"></PlanData>
      <PlanData FieldName="PlanLoansTermEmp"></PlanData>
      <PlanData FieldName="PlanLoansTermsChargesBorrow"></PlanData>
      <PlanData FieldName="PlanLoansTermsAccelerSepar"></PlanData>
      <PlanData FieldName="PlanLoansGrace"></PlanData>
      <PlanData FieldName="PlanLoansDefaultNoNew"></PlanData>
      <PlanData FieldName="PlanLoansDefaultMaximum"></PlanData>
      <PlanData FieldName="PlanLoansDefaultNoNewCurrPrior"></PlanData>
      <PlanData FieldName="PlanLoansTermEmpNotAllow"></PlanData>
      <PlanData FieldName="N1stAdoptER"></PlanData>
      <PlanData FieldName="YAA"></PlanData>
      <PlanData FieldName="ERMCDescribe">For non-union employees, the Employer shall contribute to the Plan account a discretionary matching contribution.  For union employees, the Employer will contribute to the Plan account an amount equal to a percentage of a Participant's gross compensation that is agreed upon in the union contract.</PlanData>
      <PlanData FieldName="EMPLOYER"></PlanData>
      <PlanData FieldName="EmployerNameA">Northern Lights Services, Inc. dba Northern Lights Health Center</PlanData>
      <PlanData FieldName="EmployerStreet">706 Bratley Drive</PlanData>
      <PlanData FieldName="EmployerCity">Washburn</PlanData>
      <PlanData FieldName="EmployerState">Wisconsin</PlanData>
      <PlanData FieldName="EmployerZip">54891</PlanData>
      <PlanData FieldName="EmployerPhone">(715) 373-5621</PlanData>
      <PlanData FieldName="EmployerEIN">39-0808453</PlanData>
      <PlanData FieldName="PlanNumOther">002</PlanData>
      <PlanData FieldName="PlanYes"></PlanData>
      <PlanData FieldName="DisRollContrib"></PlanData>
      <PlanData FieldName="AccelerationDisability"></PlanData>
      <PlanData FieldName="AccelerationDeath"></PlanData>
      <PlanData FieldName="ForfeitAllocMethAddPlanExpAll"></PlanData>
      <PlanData FieldName="VestTopHvyModERISAAll"></PlanData>
      <PlanData FieldName="VestTopHvyModERISAYOSA">1</PlanData>
      <PlanData FieldName="VestTopHvyModERISAYOSB">2</PlanData>
      <PlanData FieldName="VestTopHvyModERISAYOSC">3</PlanData>
      <PlanData FieldName="VestTopHvyModERISAYOSD">4</PlanData>
      <PlanData FieldName="VestTopHvyModERISAYOSE">5</PlanData>
      <PlanData FieldName="VestTopHvyModERISAPerc1">20</PlanData>
      <PlanData FieldName="VestTopHvyModERISAPerc2">40</PlanData>
      <PlanData FieldName="VestTopHvyModERISAPerc3">60</PlanData>
      <PlanData FieldName="VestTopHvyModERISAPerc4">80</PlanData>
      <PlanData FieldName="VestTopHvyModERISAPerc5">100</PlanData>
      <PlanData FieldName="LoanInterestPrimePlus">2</PlanData>
      <PlanData FieldName="PlanLoansTermsLeaveMilSusp"></PlanData>
      <PlanData FieldName="PlanLoansTermsTrustDirected"></PlanData>
      <PlanData FieldName="LoansOnly1"></PlanData>
      <PlanData FieldName="DirectInvestPermitted"></PlanData>
      <PlanData FieldName="ERISA404Y"></PlanData>
      <PlanData FieldName="Sponsor"></PlanData>
      <PlanData FieldName="SponsorAgree1"></PlanData>
      <PlanData FieldName="SponsorAgree2"></PlanData>
      <PlanData FieldName="SponsorAgree3"></PlanData>
      <PlanData FieldName="SponsorAgree4"></PlanData>
      <PlanData FieldName="SponsorAgree3Name">Wipfli LLP</PlanData>
      <PlanData FieldName="SponsorAgree3Email">tkrieg@wipfli.com</PlanData>
      <PlanData FieldName="SponsorAgree3Address">11 Scott Street, Suite 400</PlanData>
      <PlanData FieldName="SponsorAgree3City">Wausau</PlanData>
      <PlanData FieldName="SponsorAgree3State">WI</PlanData>
      <PlanData FieldName="SponsorAgree3Zip">54403</PlanData>
      <PlanData FieldName="PKGA"></PlanData>
      <PlanData FieldName="FooterForSPD">1/1/2020</PlanData>
      <PlanData FieldName="FooterForSPDTitlePage"></PlanData>
      <PlanData FieldName="FooterSPDTitlePageSame"></PlanData>
      <PlanData FieldName="YesSPDHeaderOrFooter"></PlanData>
      <PlanData FieldName="SHNPlanYearsBeginOn">January 1, 2021</PlanData>
      <PlanData FieldName="InServDistrHardshipElect"></PlanData>
      <PlanData FieldName="ElectiveDefPayrollPeriod"></PlanData>
      <PlanData FieldName="IrrPayExistingElectDefApply"></PlanData>
      <PlanData FieldName="AffElectionResumeAfterSusPer"></PlanData>
      <PlanData FieldName="AmendDateRetroactive"></PlanData>
      <PlanData FieldName="DisabilityDescribe">eligible for disability benefits under the Social Security Administration.</PlanData>
      <PlanData FieldName="FundingVehicle1_Custod"></PlanData>
      <PlanData FieldName="FundingVehiclesVendor1_Annuity"></PlanData>
      <PlanData FieldName="QuestRegardProvName">Wipfli LLP</PlanData>
      <PlanData FieldName="QuestRegardProvStreet">11 Scott Street, Suite 400</PlanData>
      <PlanData FieldName="QuestRegardProvCity">Wausau</PlanData>
      <PlanData FieldName="QuestRegardProvState">Wisconsin</PlanData>
      <PlanData FieldName="QuestRegardProvZip">54403</PlanData>
      <PlanData FieldName="QuestRegardProvPhone">(715) 845-3111</PlanData>
      <PlanData FieldName="RollPrePart"></PlanData>
      <PlanData FieldName="APPBIRAsWill"></PlanData>
      <PlanData FieldName="APPBDirectRollovers403b"></PlanData>
      <PlanData FieldName="APPBDirectRollovers401a"></PlanData>
      <PlanData FieldName="AppBDirectRollovers457b"></PlanData>
      <PlanData FieldName="COLA2020Y">2020</PlanData>
      <PlanData FieldName="COLA2020AnnualCompLimit">285,000</PlanData>
      <PlanData FieldName="COLA2020_415DollarLimit">57,000</PlanData>
      <PlanData FieldName="COLA2020403bDefLimit">19,500</PlanData>
      <PlanData FieldName="COLA2020403bCatchUpLimit">6,500</PlanData>
    </Plan_Common_Data>
  </Plan_Data>
</Relius_Admin_Doc_Link>