﻿<?xml version="1.0" encoding="utf-8"?>
<Relius_Admin_Doc_Link Version="1.0">
  <Plan_Data>
    <Documents_Specific_Data>
      <!--Data Shared From RD-->
      <ProductId>18769</ProductId>
      <ProductName>Cycle 3 PPD DC</ProductName>
      <ProductVersion>1.0</ProductVersion>
      <ProjectId>{36FFE28B-70FB-4DC2-9EE5-343F1C9C23F7}</ProjectId>
      <ProjectName>504055 Best Craft Furniture</ProjectName>
      <FileLocation></FileLocation>
    </Documents_Specific_Data>
    <Admin_Specific_Data>
      <!--Data Shared From RA-->
    </Admin_Specific_Data>
    <Employer_Common_Data>
      <!--Employer Data Common to both RA and RD-->
      <CompanyName>Best Craft Furniture Incorporated</CompanyName>
      <StreetAddress>7859 County Road D</StreetAddress>
      <CityAddress>Kaukauna</CityAddress>
      <StateAddress>WI</StateAddress>
      <ZipAddress>54130</ZipAddress>
      <PhoneNumber>(920) 462-0080</PhoneNumber>
      <EmployerIdentificationNumber>39-1657053</EmployerIdentificationNumber>
    </Employer_Common_Data>
    <Plan_Common_Data>
      <!--General Data Common to Both-->
      <PlanData FieldName="PlanNameA">Best Craft Furniture 401(k) Plan </PlanData>
      <PlanData FieldName="ProdCycle3PPDDC"></PlanData>
      <PlanData FieldName="FooterSponsorName">Wipfli LLP</PlanData>
      <PlanData FieldName="SelectIndiv"></PlanData>
      <PlanData FieldName="YAA"></PlanData>
      <PlanData FieldName="EEEligReq"></PlanData>
      <PlanData FieldName="415Comp"></PlanData>
      <PlanData FieldName="CompAdjSameAllContr"></PlanData>
      <PlanData FieldName="LimitYRPYDec31"></PlanData>
      <PlanData FieldName="AmendRestate"></PlanData>
      <PlanData FieldName="HOSComboMain">weekly</PlanData>
      <PlanData FieldName="ElecServCreditNA"></PlanData>
      <PlanData FieldName="EligCondSameAllContr"></PlanData>
      <PlanData FieldName="YOSOtherMethMain"></PlanData>
      <PlanData FieldName="YOSEligCompPer"></PlanData>
      <PlanData FieldName="BrksServNA"></PlanData>
      <PlanData FieldName="ForfeitAllocApplyContr"></PlanData>
      <PlanData FieldName="NRA">65</PlanData>
      <PlanData FieldName="VestingMain"></PlanData>
      <PlanData FieldName="YOSVestMain"></PlanData>
      <PlanData FieldName="YOSVestExcl"></PlanData>
      <PlanData FieldName="MasterPlanSponAddress">4890 Owen Ayres Court, Suite 200</PlanData>
      <PlanData FieldName="MasterPlanSponName">Wipfli LLP</PlanData>
      <PlanData FieldName="MasterPlanSponCity">Eau Claire</PlanData>
      <PlanData FieldName="MasterPlanSponState">WI</PlanData>
      <PlanData FieldName="MasterPlanSponZip">54701</PlanData>
      <PlanData FieldName="MasterPlanSponPhone">(715) 832-3407</PlanData>
      <PlanData FieldName="YNAPrintBlank"></PlanData>
      <PlanData FieldName="YesSPDHeaderOrFooter"></PlanData>
      <PlanData FieldName="401kAmntDefContr"></PlanData>
      <PlanData FieldName="ContrTypeERNonElect"></PlanData>
      <PlanData FieldName="ContrType401kSafeHarb"></PlanData>
      <PlanData FieldName="AllocDisparityForm"></PlanData>
      <PlanData FieldName="ReleaseDate"></PlanData>
      <PlanData FieldName="PreEntryCompPartComp"></PlanData>
      <PlanData FieldName="AutoDefDoNotApply"></PlanData>
      <PlanData FieldName="AllocDisparityForm4TieredTH"></PlanData>
      <PlanData FieldName="AllocCond"></PlanData>
      <PlanData FieldName="AccBalImmed"></PlanData>
      <PlanData FieldName="YInServDistr"></PlanData>
      <PlanData FieldName="PayMethLmpSum"></PlanData>
      <PlanData FieldName="PayMethInstallReqMin"></PlanData>
      <PlanData FieldName="PayMethAdHoc"></PlanData>
      <PlanData FieldName="AnnuitDistrExclJSAPS"></PlanData>
      <PlanData FieldName="PlanNumOther">001</PlanData>
      <PlanData FieldName="EmployerNameA">Best Craft Furniture Incorporated</PlanData>
      <PlanData FieldName="EmployerStreet">7859 County Road D</PlanData>
      <PlanData FieldName="EmployerCity">Kaukauna</PlanData>
      <PlanData FieldName="EmployerState">Wisconsin</PlanData>
      <PlanData FieldName="EmployerZip">54130</PlanData>
      <PlanData FieldName="EmployerPhone">(920) 462-0080</PlanData>
      <PlanData FieldName="EmployerTaxableYear">December 31</PlanData>
      <PlanData FieldName="EmployerEIN">39-1657053</PlanData>
      <PlanData FieldName="FirstDayPYNextFolowing"></PlanData>
      <PlanData FieldName="AdoptAgreeNum">001</PlanData>
      <PlanData FieldName="BasicPlanDocNum">02</PlanData>
      <PlanData FieldName="CatchupContributionsMatch"></PlanData>
      <PlanData FieldName="DisabilityDescribe">eligible for disability benefits under the Social Security Administration</PlanData>
      <PlanData FieldName="1stDayPYQrtr"></PlanData>
      <PlanData FieldName="ElectDeferLimitNone"></PlanData>
      <PlanData FieldName="ERDiscrPSOpen"></PlanData>
      <PlanData FieldName="QNECNotApplicable"></PlanData>
      <PlanData FieldName="SafeHarbContrMC"></PlanData>
      <PlanData FieldName="AllocCondTotalWaive"></PlanData>
      <PlanData FieldName="AllocCondTotalWaiveApply"></PlanData>
      <PlanData FieldName="TestElecNonDiscr"></PlanData>
      <PlanData FieldName="TestElectSHPlan"></PlanData>
      <PlanData FieldName="ERAAge">60</PlanData>
      <PlanData FieldName="ERA"></PlanData>
      <PlanData FieldName="TestElecNonDiscrTrad"></PlanData>
      <PlanData FieldName="Vst100"></PlanData>
      <PlanData FieldName="YesPartConsentCashOut"></PlanData>
      <PlanData FieldName="YesPartConsentCashOut5000"></PlanData>
      <PlanData FieldName="InServHrdshp"></PlanData>
      <PlanData FieldName="415CompAllContr"></PlanData>
      <PlanData FieldName="AccBalImmedMandatory"></PlanData>
      <PlanData FieldName="AccBalImmedReqConsent"></PlanData>
      <PlanData FieldName="HOSComboAll"></PlanData>
      <PlanData FieldName="CatchupContributionsMatchAll"></PlanData>
      <PlanData FieldName="AllocCondNone"></PlanData>
      <PlanData FieldName="AllocCondLastDayofPY"></PlanData>
      <PlanData FieldName="AllocCondElapTimeMeth"></PlanData>
      <PlanData FieldName="AllocCondNoneMatch"></PlanData>
      <PlanData FieldName="AllocCondLastDayofPYNonElect"></PlanData>
      <PlanData FieldName="AllocCondLastDayofPYForfeit"></PlanData>
      <PlanData FieldName="AllocCondElapTimeMethNonElect"></PlanData>
      <PlanData FieldName="AllocCondElapTimeMethForfeit"></PlanData>
      <PlanData FieldName="Vst100Death"></PlanData>
      <PlanData FieldName="InServAgeMain"></PlanData>
      <PlanData FieldName="DistribSeveranceEmployYes"></PlanData>
      <PlanData FieldName="InServDistrHardship"></PlanData>
      <PlanData FieldName="QualifiedReservistDistribution"></PlanData>
      <PlanData FieldName="SpecialEffDateContrTypeDate">January 1, 2021</PlanData>
      <PlanData FieldName="SpecialEffDateContrType"></PlanData>
      <PlanData FieldName="SpecialEffDateTesting"></PlanData>
      <PlanData FieldName="SpecialEffDateAllocat"></PlanData>
      <PlanData FieldName="SpecialEffDateSafe"></PlanData>
      <PlanData FieldName="VestTopHvy6YRGrade"></PlanData>
      <PlanData FieldName="VestTopHvy6YRGradeAllContr"></PlanData>
      <PlanData FieldName="SpecialEffDateAllocatDate">January 1, 2021</PlanData>
      <PlanData FieldName="SpecialEffDateTestingDate">January 1, 2021</PlanData>
      <PlanData FieldName="PSExclJSA1YRMarriageRuleNA"></PlanData>
      <PlanData FieldName="YLongQASPD"></PlanData>
      <PlanData FieldName="YSafeHarborNotice"></PlanData>
      <PlanData FieldName="YPAG"></PlanData>
      <PlanData FieldName="YAdmin"></PlanData>
      <PlanData FieldName="YQDIANotice"></PlanData>
      <PlanData FieldName="YCorp"></PlanData>
      <PlanData FieldName="YShortQASPD"></PlanData>
      <PlanData FieldName="GeneralForms"></PlanData>
      <PlanData FieldName="IncludeFollowingForms"></PlanData>
      <PlanData FieldName="AppendixRollover"></PlanData>
      <PlanData FieldName="PlanLoansNone"></PlanData>
      <PlanData FieldName="ParticipantDirInvPerm"></PlanData>
      <PlanData FieldName="RolloverContrPermit"></PlanData>
      <PlanData FieldName="PlanExpensesPlanPays"></PlanData>
      <PlanData FieldName="TopHvyMinMultPlanNA"></PlanData>
      <PlanData FieldName="ProtectedBenefitsNotApply"></PlanData>
      <PlanData FieldName="NLifeIns"></PlanData>
      <PlanData FieldName="BasicPlanDocNameA"></PlanData>
      <PlanData FieldName="FooterForSPD">Effective 1/1/2020</PlanData>
      <PlanData FieldName="FooterForSPDTitlePage"></PlanData>
      <PlanData FieldName="FooterSPDTitlePageSame"></PlanData>
      <PlanData FieldName="DistrCashProp"></PlanData>
      <PlanData FieldName="APPMatchContrDisc_DiffPerUnit"></PlanData>
      <PlanData FieldName="SpecialEffDateSafeDate">January 1, 2021</PlanData>
      <PlanData FieldName="AllocCondSuspensionNotApplies"></PlanData>
      <PlanData FieldName="NAMultipleEmployerPlan"></PlanData>
      <PlanData FieldName="YOSOtherMeth">1,000</PlanData>
      <PlanData FieldName="YOSVest">1,000</PlanData>
      <PlanData FieldName="AdminChecklistDate">January 2020</PlanData>
      <PlanData FieldName="QDIAType"></PlanData>
      <PlanData FieldName="QDIATypeLife"></PlanData>
      <PlanData FieldName="QDIAMultiplePrimaryDescInv">JP Morgan Smart Retirement Blend Series</PlanData>
      <PlanData FieldName="SHNPlanYearsBeginOn">January 1, 2021</PlanData>
      <PlanData FieldName="WordForWord"></PlanData>
      <PlanData FieldName="LimitYRLYPY"></PlanData>
      <PlanData FieldName="InitialEffectiveDate">1996-07-01</PlanData>
      <PlanData FieldName="NEIntgTWBPerc">100</PlanData>
      <PlanData FieldName="SafeHarbContrPossible"></PlanData>
      <PlanData FieldName="415RegPosSevAdjSameAllContr"></PlanData>
      <PlanData FieldName="Final415RegExcDefComp"></PlanData>
      <PlanData FieldName="415RegExclDefCompAllContr"></PlanData>
      <PlanData FieldName="PreEntryCompPartCompAllContr"></PlanData>
      <PlanData FieldName="BenDistribDeathBen"></PlanData>
      <PlanData FieldName="MandDistributionApp"></PlanData>
      <PlanData FieldName="MandDistributionAmount"></PlanData>
      <PlanData FieldName="InServDistrAge59Must">59 1/2</PlanData>
      <PlanData FieldName="InServDistrAge59MustAllContr"></PlanData>
      <PlanData FieldName="InServDistrHardshipSHAll"></PlanData>
      <PlanData FieldName="InServDistrHardshipSHElect"></PlanData>
      <PlanData FieldName="QualifiedReservDistrElect"></PlanData>
      <PlanData FieldName="DistribSeveranceEmployAllContr"></PlanData>
      <PlanData FieldName="CompAdjExclFringeBen"></PlanData>
      <PlanData FieldName="CompAdjExclFringeBenAllContr"></PlanData>
      <PlanData FieldName="YOSVestExclAge"></PlanData>
      <PlanData FieldName="AgeOther">19</PlanData>
      <PlanData FieldName="YRServReq"></PlanData>
      <PlanData FieldName="AgeOtherAllContr"></PlanData>
      <PlanData FieldName="YRServReqAllContr"></PlanData>
      <PlanData FieldName="SamePYAll"></PlanData>
      <PlanData FieldName="BasicPlanOverRideDist"></PlanData>
      <PlanData FieldName="BenDistribMeth"></PlanData>
      <PlanData FieldName="InclHardshipProvisions"></PlanData>
      <PlanData FieldName="BenDistribMethOverRide"></PlanData>
      <PlanData FieldName="BenDistribMethLumpSum"></PlanData>
      <PlanData FieldName="BenDistribMethInstall"></PlanData>
      <PlanData FieldName="BenDistribMethAdHoc"></PlanData>
      <PlanData FieldName="ProdCyc34kPlan"></PlanData>
      <PlanData FieldName="EntryDateSameContrTypeYes"></PlanData>
      <PlanData FieldName="AffirmDeferNoAutoEscalatn"></PlanData>
      <PlanData FieldName="NEIntgTWBPercRoundedAmnt">N/A</PlanData>
      <PlanData FieldName="SafeHarbMatchPayrollPeriod"></PlanData>
      <PlanData FieldName="APPMatchContrDisc">6</PlanData>
      <PlanData FieldName="PartModSalRed1stDayPY7thMonth"></PlanData>
      <PlanData FieldName="ForfeitSafeHarborAll"></PlanData>
      <PlanData FieldName="ACPTestCurrentYear"></PlanData>
      <PlanData FieldName="SHPlanTestNAOrCurrYr4EEContr"></PlanData>
      <PlanData FieldName="BenDistribDeathNoElectLife"></PlanData>
      <PlanData FieldName="ParticDirInvPermAccAllAccounts"></PlanData>
      <PlanData FieldName="ParticDirInvPermRestNone"></PlanData>
      <PlanData FieldName="ParticDirInvPermERISAApplies"></PlanData>
      <PlanData FieldName="ParticDirInvPermQDIA"></PlanData>
      <PlanData FieldName="RolloverContrPermitWhoEligible"></PlanData>
      <PlanData FieldName="RolloverContrPermitSourceAll"></PlanData>
      <PlanData FieldName="TrusteeInfoYes"></PlanData>
      <PlanData FieldName="IndivTrustee"></PlanData>
      <PlanData FieldName="TrusteeNameA">Don Ketels</PlanData>
      <PlanData FieldName="TrusteeNameB">Danielle Ketels</PlanData>
      <PlanData FieldName="TrusteeNameC">Natalee Ketels</PlanData>
      <PlanData FieldName="IndivTrusteeList"></PlanData>
      <PlanData FieldName="TrusteeNameADiscretion"></PlanData>
      <PlanData FieldName="TrusteeNameBDiscretion"></PlanData>
      <PlanData FieldName="TrusteeNameCDiscretion"></PlanData>
      <PlanData FieldName="EmployerAddressTelephone"></PlanData>
      <PlanData FieldName="IndivTrusteeAddress"></PlanData>
      <PlanData FieldName="TrustAgreeYes"></PlanData>
      <PlanData FieldName="FirstDayPYNextFolowingAllContr"></PlanData>
    </Plan_Common_Data>
  </Plan_Data>
</Relius_Admin_Doc_Link>