﻿<?xml version="1.0" encoding="utf-8"?>
<Relius_Admin_Doc_Link Version="1.0">
  <Plan_Data>
    <Documents_Specific_Data>
      <!--Data Shared From RD-->
      <ProductId>19639</ProductId>
      <ProductName>403(b) 2017 Comprehensive</ProductName>
      <ProductVersion>5.0</ProductVersion>
      <ProjectId>{001B6D07-98C6-4222-A51A-0C7A6B7F2D92}</ProjectId>
      <ProjectName>96986-20 Community Action</ProjectName>
      <FileLocation></FileLocation>
    </Documents_Specific_Data>
    <Admin_Specific_Data>
      <!--Data Shared From RA-->
    </Admin_Specific_Data>
    <Employer_Common_Data>
      <!--Employer Data Common to both RA and RD-->
      <CompanyName>Community Action Agency</CompanyName>
      <StreetAddress>507 First Avenue North</StreetAddress>
      <CityAddress>Escanaba</CityAddress>
      <StateAddress>MI</StateAddress>
      <ZipAddress>49829-3998</ZipAddress>
      <PhoneNumber>(906) 786-7080</PhoneNumber>
      <EmployerIdentificationNumber>38-1795659</EmployerIdentificationNumber>
    </Employer_Common_Data>
    <Plan_Common_Data>
      <!--General Data Common to Both-->
      <PlanData FieldName="PlanNameA">Community Action Agency 403(b) Retirement Plan </PlanData>
      <PlanData FieldName="Prod403bComprehensive"></PlanData>
      <PlanData FieldName="ReleaseDate"></PlanData>
      <PlanData FieldName="OtherGov"></PlanData>
      <PlanData FieldName="Entity"></PlanData>
      <PlanData FieldName="NERISA404cComply"></PlanData>
      <PlanData FieldName="PYDecember31"></PlanData>
      <PlanData FieldName="AmendRestate"></PlanData>
      <PlanData FieldName="InitialEffectiveDate">2002-01-01</PlanData>
      <PlanData FieldName="LastAmendDate">2017-12-01</PlanData>
      <PlanData FieldName="PreTaxDeferrals"></PlanData>
      <PlanData FieldName="MatchingContributions"></PlanData>
      <PlanData FieldName="RothYes"></PlanData>
      <PlanData FieldName="EEEligDiffExclApply"></PlanData>
      <PlanData FieldName="ExceptEENonResAliens"></PlanData>
      <PlanData FieldName="ExceptEEPartTempSeas"></PlanData>
      <PlanData FieldName="ExceptEEStudent"></PlanData>
      <PlanData FieldName="ExceptEEOther">Exclude employees who do not make salary deferrals of at least $200 per Plan Year.</PlanData>
      <PlanData FieldName="Sec3401aComp"></PlanData>
      <PlanData FieldName="Sec3401aCompAllContr"></PlanData>
      <PlanData FieldName="PreEntryCompPartComp"></PlanData>
      <PlanData FieldName="PreEntryCompPartCompAllContr"></PlanData>
      <PlanData FieldName="415RegPosSevAdjSameAllContr"></PlanData>
      <PlanData FieldName="Final415RegExcDefComp"></PlanData>
      <PlanData FieldName="415RegExclDefCompAllContr"></PlanData>
      <PlanData FieldName="CompAdjSameAllContr"></PlanData>
      <PlanData FieldName="CompAdjExclFringeBen"></PlanData>
      <PlanData FieldName="CompAdjExclFringeBenAllContr"></PlanData>
      <PlanData FieldName="HOSComboMain">weekly</PlanData>
      <PlanData FieldName="HOSComboAll"></PlanData>
      <PlanData FieldName="ElecServCreditNA"></PlanData>
      <PlanData FieldName="YRServReq"></PlanData>
      <PlanData FieldName="YRServReqMatch"></PlanData>
      <PlanData FieldName="EligCompPerPY"></PlanData>
      <PlanData FieldName="YOSOtherMethMain"></PlanData>
      <PlanData FieldName="YOSEligCompPer"></PlanData>
      <PlanData FieldName="SameDateReqMet"></PlanData>
      <PlanData FieldName="SameDateReqMetMatch"></PlanData>
      <PlanData FieldName="FirstDayPYNextFolowing"></PlanData>
      <PlanData FieldName="AutoDefDoNotApply"></PlanData>
      <PlanData FieldName="AffimDeferNoAutoEscalatn"></PlanData>
      <PlanData FieldName="CatchUpContAge50Yes"></PlanData>
      <PlanData FieldName="CatchUpContributions"></PlanData>
      <PlanData FieldName="DiscretMatchContrib"></PlanData>
      <PlanData FieldName="NoMatchingCatchUPDefer"></PlanData>
      <PlanData FieldName="NoMatchingCatchUpDeferAge50"></PlanData>
      <PlanData FieldName="ExceptEENonResAliensMatch"></PlanData>
      <PlanData FieldName="ExceptEEPartTempSeasMatch"></PlanData>
      <PlanData FieldName="ExceptEEStudentMatch"></PlanData>
      <PlanData FieldName="QNECNotApplicable"></PlanData>
      <PlanData FieldName="NoAllocCond"></PlanData>
      <PlanData FieldName="InPlanRothRolloverNo"></PlanData>
      <PlanData FieldName="ACPTestApply"></PlanData>
      <PlanData FieldName="ACPYRCurrentYR"></PlanData>
      <PlanData FieldName="ACPSHAnnualTest"></PlanData>
      <PlanData FieldName="NRA">65</PlanData>
      <PlanData FieldName="ERAAge">55</PlanData>
      <PlanData FieldName="ERA"></PlanData>
      <PlanData FieldName="100EnterPlan"></PlanData>
      <PlanData FieldName="MandDistribution"></PlanData>
      <PlanData FieldName="MandDistributionLimit5000"></PlanData>
      <PlanData FieldName="MandDistr"></PlanData>
      <PlanData FieldName="BenDistribMethDefault"></PlanData>
      <PlanData FieldName="DistrLmpSum"></PlanData>
      <PlanData FieldName="DistrEqualInstall"></PlanData>
      <PlanData FieldName="PayMethAdHoc"></PlanData>
      <PlanData FieldName="PostSevInvArrange"></PlanData>
      <PlanData FieldName="PostSevInvArrangeUnder"></PlanData>
      <PlanData FieldName="YInServDistr"></PlanData>
      <PlanData FieldName="InServDistrAge"></PlanData>
      <PlanData FieldName="InServDistrHardship"></PlanData>
      <PlanData FieldName="QualifiedReservistDistribution"></PlanData>
      <PlanData FieldName="DistribSeveranceEmployYes"></PlanData>
      <PlanData FieldName="InServDistrAge59Must">59 1/2</PlanData>
      <PlanData FieldName="InServDistrAge59MustAllContr"></PlanData>
      <PlanData FieldName="DistribSeveranceEmployAllContr"></PlanData>
      <PlanData FieldName="QualifiedReservDistrElect"></PlanData>
      <PlanData FieldName="AnnuitDistrAll1YRNotAppl"></PlanData>
      <PlanData FieldName="AnnuitDistrAll"></PlanData>
      <PlanData FieldName="YLoans"></PlanData>
      <PlanData FieldName="YRoll"></PlanData>
      <PlanData FieldName="NAMultipleEmployerPlan"></PlanData>
      <PlanData FieldName="SpecialEffDateNA"></PlanData>
      <PlanData FieldName="FundingVehicle1">Mid Atlantic Trust Company</PlanData>
      <PlanData FieldName="FundingVehicle"></PlanData>
      <PlanData FieldName="FundingVehiclesVendor1">Lincoln Financial Group</PlanData>
      <PlanData FieldName="FundingVehiclesVendor"></PlanData>
      <PlanData FieldName="AdmFuncDelEffDate">December 1, 2017</PlanData>
      <PlanData FieldName="YOSOtherMeth">1,000</PlanData>
      <PlanData FieldName="ForfeitAllocMethAddNonelect"></PlanData>
      <PlanData FieldName="ForfeitAllocMethAddMatch"></PlanData>
      <PlanData FieldName="ForfeitAllocMethAddPlanExp"></PlanData>
      <PlanData FieldName="AllocMethReduceMatch"></PlanData>
      <PlanData FieldName="AllocMethRedNonelect"></PlanData>
      <PlanData FieldName="AllocMethProRata"></PlanData>
      <PlanData FieldName="ReduceMatchAll"></PlanData>
      <PlanData FieldName="RedNonelectAll"></PlanData>
      <PlanData FieldName="ERMCDiscrApplyPay"></PlanData>
      <PlanData FieldName="LoanInterest"></PlanData>
      <PlanData FieldName="PlanLoansLimitPurpose"></PlanData>
      <PlanData FieldName="PlanLoansLimit"></PlanData>
      <PlanData FieldName="PlanLoansTermsHome"></PlanData>
      <PlanData FieldName="PlanLoansTermsLeave"></PlanData>
      <PlanData FieldName="LoanAmtBorrowLT1000"></PlanData>
      <PlanData FieldName="PlanLoansTermsHomePlanAdm"></PlanData>
      <PlanData FieldName="PlanLoansTermsLeaveMil"></PlanData>
      <PlanData FieldName="PlanLoansTermsLeaveNoMil"></PlanData>
      <PlanData FieldName="PlanLoansLimitPurposeAny"></PlanData>
      <PlanData FieldName="PlanLoansLimitAccountPlanAdmn"></PlanData>
      <PlanData FieldName="PlanLoansTermsTrust"></PlanData>
      <PlanData FieldName="LoansLimit"></PlanData>
      <PlanData FieldName="PlanLoansLimitAccount"></PlanData>
      <PlanData FieldName="PlanLoansTermsCharges"></PlanData>
      <PlanData FieldName="PlanLoansTermsAcceler"></PlanData>
      <PlanData FieldName="PlanLoansDefault"></PlanData>
      <PlanData FieldName="PlanLoansTermEmp"></PlanData>
      <PlanData FieldName="PlanLoansTermsChargesBorrow"></PlanData>
      <PlanData FieldName="PlanLoansTermsAccelerSepar"></PlanData>
      <PlanData FieldName="PlanLoansTermsAccelerPlanTerm"></PlanData>
      <PlanData FieldName="PlanLoansGrace"></PlanData>
      <PlanData FieldName="PlanLoansDefaultNoNew"></PlanData>
      <PlanData FieldName="PlanLoansDefaultMaximum"></PlanData>
      <PlanData FieldName="PlanLoansDefaultNoNewCurrPrior"></PlanData>
      <PlanData FieldName="PlanLoansTermEmpNotAllow"></PlanData>
      <PlanData FieldName="AllocMethProRataAll"></PlanData>
      <PlanData FieldName="Y1stAdoptER"></PlanData>
      <PlanData FieldName="ParticipatingEmployerSPD"></PlanData>
      <PlanData FieldName="YesParticipatingEmployer"></PlanData>
      <PlanData FieldName="1stAdoptERName">Human Resources Authority</PlanData>
      <PlanData FieldName="1stAdoptERPhone">(906) 786-7080</PlanData>
      <PlanData FieldName="1stAdoptTIN">23-7270048</PlanData>
      <PlanData FieldName="1stAdoptFiscalYear">December 31</PlanData>
      <PlanData FieldName="1stAdoptERRestate"></PlanData>
      <PlanData FieldName="1stAdoptERInitialEffDate">January 2, 2002</PlanData>
      <PlanData FieldName="1stAdoptERRestateEff">December 1, 2017</PlanData>
      <PlanData FieldName="1stAdoptERSpecDatesNone"></PlanData>
      <PlanData FieldName="N2ndAdoptER"></PlanData>
      <PlanData FieldName="YAA"></PlanData>
      <PlanData FieldName="PrimaryQDIAName">Moderate Portfolio</PlanData>
      <PlanData FieldName="QDIACharacterInvest">Please reference fact sheets on plan website</PlanData>
      <PlanData FieldName="QDIACharacterRisk">Please reference fact sheets on plan website</PlanData>
      <PlanData FieldName="QDIACharacterFees">Please reference fact sheets on plan website</PlanData>
      <PlanData FieldName="QDIAElectOutAnyTime"></PlanData>
      <PlanData FieldName="EMPLOYER"></PlanData>
      <PlanData FieldName="EmployerNameA">Community Action Agency</PlanData>
      <PlanData FieldName="EmployerStreet">507 First Avenue North</PlanData>
      <PlanData FieldName="EmployerCity">Escanaba</PlanData>
      <PlanData FieldName="EmployerState">Michigan</PlanData>
      <PlanData FieldName="EmployerZip">49829-3998</PlanData>
      <PlanData FieldName="EmployerPhone">(906) 786-7080</PlanData>
      <PlanData FieldName="EmployerEIN">38-1795659</PlanData>
      <PlanData FieldName="PlanNumOther">001</PlanData>
      <PlanData FieldName="PlanYes"></PlanData>
      <PlanData FieldName="BasicPlanOverrideDistRepl5000">1,000</PlanData>
      <PlanData FieldName="DisRollContrib"></PlanData>
      <PlanData FieldName="AccelerationDisability"></PlanData>
      <PlanData FieldName="AccelerationDeath"></PlanData>
      <PlanData FieldName="ForfeitAllocMethAddPlanExpAll"></PlanData>
      <PlanData FieldName="ForfeitAllocMethAddNonelecAll"></PlanData>
      <PlanData FieldName="ForfeitAllocMethAddMatchAll"></PlanData>
      <PlanData FieldName="LoanInterestPrimePlus">2</PlanData>
      <PlanData FieldName="PlanLoansTermsLeaveMilSusp"></PlanData>
      <PlanData FieldName="PlanLoansTermsLeaveNoMilSusp"></PlanData>
      <PlanData FieldName="PlanLoansTermsTrustDirected"></PlanData>
      <PlanData FieldName="LoansOnly1"></PlanData>
      <PlanData FieldName="DirectInvestPermitted"></PlanData>
      <PlanData FieldName="ERISA404Y"></PlanData>
      <PlanData FieldName="QDIAYes"></PlanData>
      <PlanData FieldName="Sponsor"></PlanData>
      <PlanData FieldName="SponsorAgree1"></PlanData>
      <PlanData FieldName="SponsorAgree2"></PlanData>
      <PlanData FieldName="SponsorAgree3"></PlanData>
      <PlanData FieldName="SponsorAgree4"></PlanData>
      <PlanData FieldName="SponsorAgree3Name">Wipfli LLP</PlanData>
      <PlanData FieldName="SponsorAgree3Email">tkrieg@wipfli.com</PlanData>
      <PlanData FieldName="SponsorAgree3Address">11 Scott Street, Suite 400</PlanData>
      <PlanData FieldName="SponsorAgree3City">Wausau</PlanData>
      <PlanData FieldName="SponsorAgree3State">WI</PlanData>
      <PlanData FieldName="SponsorAgree3Zip">54403</PlanData>
      <PlanData FieldName="PKGA"></PlanData>
      <PlanData FieldName="FooterForSPD">December 2017</PlanData>
      <PlanData FieldName="FooterForSPDTitlePage"></PlanData>
      <PlanData FieldName="FooterSPDTitlePageSame"></PlanData>
      <PlanData FieldName="YesSPDHeaderOrFooter"></PlanData>
      <PlanData FieldName="SHNPlanYearsBeginOn">January 1, 2020</PlanData>
      <PlanData FieldName="QDIAYesSkip"></PlanData>
      <PlanData FieldName="InServDistrHardshipElect"></PlanData>
      <PlanData FieldName="InServDistrHardshipMatch"></PlanData>
      <PlanData FieldName="InServDistrHardshipNonelect"></PlanData>
      <PlanData FieldName="1stAdoptER_AddrSamePrimaryER"></PlanData>
      <PlanData FieldName="COLA2020Y">2020</PlanData>
      <PlanData FieldName="COLA2020AnnualCompLimit">285,000</PlanData>
      <PlanData FieldName="COLA2020_415DollarLimit">57,000</PlanData>
      <PlanData FieldName="COLA2020403bDefLimit">19,500</PlanData>
      <PlanData FieldName="COLA2020403bCatchUpLimit">6,500</PlanData>
    </Plan_Common_Data>
  </Plan_Data>
</Relius_Admin_Doc_Link>