﻿<?xml version="1.0" encoding="utf-8"?>
<Relius_Admin_Doc_Link Version="1.0">
  <Plan_Data>
    <Documents_Specific_Data>
      <!--Data Shared From RD-->
      <ProductId>7862</ProductId>
      <ProductName>Vol Submitter 401(k)</ProductName>
      <ProductVersion>10.0</ProductVersion>
      <ProjectId>{96FA5133-7177-49EC-BBC9-1A2BAABE46A7}</ProjectId>
      <ProjectName>Innovative Pain Care</ProjectName>
      <FileLocation></FileLocation>
    </Documents_Specific_Data>
    <Admin_Specific_Data>
      <!--Data Shared From RA-->
    </Admin_Specific_Data>
    <Employer_Common_Data>
      <!--Employer Data Common to both RA and RD-->
      <CompanyName>Innovative Pain Care, LLC</CompanyName>
      <StreetAddress>3111 W. Rawson Avenue, Suite 210</StreetAddress>
      <CityAddress>Franklin</CityAddress>
      <StateAddress>WI</StateAddress>
      <ZipAddress>53132</ZipAddress>
      <PhoneNumber>414-325-4370</PhoneNumber>
      <EmployerIdentificationNumber>20-8331981</EmployerIdentificationNumber>
    </Employer_Common_Data>
    <Plan_Common_Data>
      <!--General Data Common to Both-->
      <PlanData FieldName="PlanNameA">Innovative Pain Care, LLC 401(k) Profit Sharing Plan </PlanData>
      <PlanData FieldName="ProdPPAPPDVolSub4k"></PlanData>
      <PlanData FieldName="FooterSponsorName">Wipfli LLP</PlanData>
      <PlanData FieldName="SelectIndiv"></PlanData>
      <PlanData FieldName="YAA"></PlanData>
      <PlanData FieldName="DiscrTrustee"></PlanData>
      <PlanData FieldName="EEEligSameExclAllContr"></PlanData>
      <PlanData FieldName="415Comp"></PlanData>
      <PlanData FieldName="NACompAdj"></PlanData>
      <PlanData FieldName="LimitYRPYDec31"></PlanData>
      <PlanData FieldName="AmendRestate"></PlanData>
      <PlanData FieldName="HOSActual"></PlanData>
      <PlanData FieldName="ElecServCreditNA"></PlanData>
      <PlanData FieldName="EligCondSameAllContr"></PlanData>
      <PlanData FieldName="YOSOtherMethMain"></PlanData>
      <PlanData FieldName="YOSEligCompPer"></PlanData>
      <PlanData FieldName="BrksServNA"></PlanData>
      <PlanData FieldName="ForfeitAllocApplyContr"></PlanData>
      <PlanData FieldName="NRA">65</PlanData>
      <PlanData FieldName="VestingMain"></PlanData>
      <PlanData FieldName="YOSVestMain"></PlanData>
      <PlanData FieldName="YOSVestExclNA"></PlanData>
      <PlanData FieldName="ValTrustDateDaily"></PlanData>
      <PlanData FieldName="MasterPlanSponAddress">4890 Owen Ayres Court, Suite 200</PlanData>
      <PlanData FieldName="MasterPlanSponPhone">(715) 832-3407</PlanData>
      <PlanData FieldName="MasterPlanSponName">Wipfli LLP</PlanData>
      <PlanData FieldName="MasterPlanSponCity">Eau Claire</PlanData>
      <PlanData FieldName="MasterPlanSponState">WI</PlanData>
      <PlanData FieldName="MasterPlanSponZip">54701</PlanData>
      <PlanData FieldName="YNAPrintBlank"></PlanData>
      <PlanData FieldName="YesSPDHeaderOrFooter"></PlanData>
      <PlanData FieldName="TrusteeNameA">Gordon Mortensen</PlanData>
      <PlanData FieldName="TrusteeNameB">John Brusky</PlanData>
      <PlanData FieldName="TrusteeNameC">Jeffrey Quintana</PlanData>
      <PlanData FieldName="401kAmntDefContr"></PlanData>
      <PlanData FieldName="ContrTypeERNonElect"></PlanData>
      <PlanData FieldName="ContrType401kSafeHarb"></PlanData>
      <PlanData FieldName="AllocClass"></PlanData>
      <PlanData FieldName="ReleaseDate"></PlanData>
      <PlanData FieldName="PreEntryCompPartComp"></PlanData>
      <PlanData FieldName="EligCompPerPY"></PlanData>
      <PlanData FieldName="AutoDefDoNotApply"></PlanData>
      <PlanData FieldName="AllocCond"></PlanData>
      <PlanData FieldName="AccBalNextValDate"></PlanData>
      <PlanData FieldName="YInServDistr"></PlanData>
      <PlanData FieldName="PayMethLmpSum"></PlanData>
      <PlanData FieldName="PayMethInstall"></PlanData>
      <PlanData FieldName="PayMethAdHoc"></PlanData>
      <PlanData FieldName="AnnuitDistrExclJSAPS"></PlanData>
      <PlanData FieldName="AllEarnDaily"></PlanData>
      <PlanData FieldName="AllEarnNA"></PlanData>
      <PlanData FieldName="PlanNumOther">001</PlanData>
      <PlanData FieldName="EmployerNameA">Innovative Pain Care, LLC</PlanData>
      <PlanData FieldName="EmployerStreet">3111 W. Rawson Avenue, Suite 210</PlanData>
      <PlanData FieldName="EmployerCity">Franklin</PlanData>
      <PlanData FieldName="EmployerState">Wisconsin</PlanData>
      <PlanData FieldName="EmployerZip">53132</PlanData>
      <PlanData FieldName="EmployerPhone">414-325-4370</PlanData>
      <PlanData FieldName="EmployerTaxableYear">12/31</PlanData>
      <PlanData FieldName="EmployerEIN">20-8331981</PlanData>
      <PlanData FieldName="AffimDeferNoAutoEscalatn"></PlanData>
      <PlanData FieldName="FirstDayPYNextFolowing"></PlanData>
      <PlanData FieldName="AdoptAgreeNum">003</PlanData>
      <PlanData FieldName="BasicPlanDocNum">08</PlanData>
      <PlanData FieldName="YesCatchupContributionsWillNot"></PlanData>
      <PlanData FieldName="DisabilityDescribe">eligible for disability benefits under the Social Security Administration</PlanData>
      <PlanData FieldName="1stDay7thMonth"></PlanData>
      <PlanData FieldName="ElectDeferLimitNone"></PlanData>
      <PlanData FieldName="CODADoNotApply"></PlanData>
      <PlanData FieldName="ERDiscrPSOpen"></PlanData>
      <PlanData FieldName="DescriptionofClass"></PlanData>
      <PlanData FieldName="QNECNotApplicable"></PlanData>
      <PlanData FieldName="SafeHarbContrNonElect">3</PlanData>
      <PlanData FieldName="AllocCondTotalWaive"></PlanData>
      <PlanData FieldName="AllocCondTotalWaiveDoNotApply"></PlanData>
      <PlanData FieldName="TestElecNonDiscr"></PlanData>
      <PlanData FieldName="ERANotApplicable"></PlanData>
      <PlanData FieldName="TestElec401kSafeHarb"></PlanData>
      <PlanData FieldName="VstApplies"></PlanData>
      <PlanData FieldName="MandDistribution"></PlanData>
      <PlanData FieldName="MandDistributionLimit"></PlanData>
      <PlanData FieldName="InServDistrNoAdd"></PlanData>
      <PlanData FieldName="415CompAllContr"></PlanData>
      <PlanData FieldName="HOSActualAll"></PlanData>
      <PlanData FieldName="1stDay7thMonthAllContr"></PlanData>
      <PlanData FieldName="TestElecNonDiscrSafeNoTest"></PlanData>
      <PlanData FieldName="AccBalNextValDateMandatory"></PlanData>
      <PlanData FieldName="AccBalNextValDateReqConsent"></PlanData>
      <PlanData FieldName="AllEarnDailyAllContr"></PlanData>
      <PlanData FieldName="FirstDayPYNextFolowingAllContr"></PlanData>
      <PlanData FieldName="AllocCondLastDayofPY"></PlanData>
      <PlanData FieldName="AllocCondElapTimeMeth"></PlanData>
      <PlanData FieldName="AllocCondLastDayofPYNonElect"></PlanData>
      <PlanData FieldName="AllocCondLastDayofPYForfeit"></PlanData>
      <PlanData FieldName="AllocCondElapTimeMethNonElect"></PlanData>
      <PlanData FieldName="AllocCondElapTimeMethForfeit"></PlanData>
      <PlanData FieldName="InServDistrDisability"></PlanData>
      <PlanData FieldName="InServDistrAge"></PlanData>
      <PlanData FieldName="DistribSeveranceEmployYes"></PlanData>
      <PlanData FieldName="InServDistrHardship"></PlanData>
      <PlanData FieldName="QualifiedReservistDistribution"></PlanData>
      <PlanData FieldName="InServDistrDisabilityAllContr"></PlanData>
      <PlanData FieldName="AllEarnNAAllContr"></PlanData>
      <PlanData FieldName="ValTrustDateDailyAllContr"></PlanData>
      <PlanData FieldName="SpecialEffDateContrTypeDate">January 1, 2020</PlanData>
      <PlanData FieldName="SpecialEffDateNonelect">28.0d</PlanData>
      <PlanData FieldName="SpecialEffDateContrType">.1 b1</PlanData>
      <PlanData FieldName="SpecialEffDateNonelectDate">January 1, 2020</PlanData>
      <PlanData FieldName="SpecialEffDateOtherElections">35.0 - January 1, 2020</PlanData>
      <PlanData FieldName="VestTopHvy6YRGrade"></PlanData>
      <PlanData FieldName="VestTopHvy6YRGradeAllContr"></PlanData>
      <PlanData FieldName="AnnuitDistrExclJSAPS1YR"></PlanData>
      <PlanData FieldName="AnnuitDistrExclJSAPS1YRNotAppl"></PlanData>
      <PlanData FieldName="YLongQASPD"></PlanData>
      <PlanData FieldName="YSafeHarborNotice"></PlanData>
      <PlanData FieldName="YPAG"></PlanData>
      <PlanData FieldName="YIndex"></PlanData>
      <PlanData FieldName="YAdmin"></PlanData>
      <PlanData FieldName="YQDIANotice"></PlanData>
      <PlanData FieldName="YCorp"></PlanData>
      <PlanData FieldName="YShortQASPD"></PlanData>
      <PlanData FieldName="GeneralForms"></PlanData>
      <PlanData FieldName="LoanForms"></PlanData>
      <PlanData FieldName="IncludeFollowingForms"></PlanData>
      <PlanData FieldName="AppendixRollover"></PlanData>
      <PlanData FieldName="QDIACharacter"></PlanData>
      <PlanData FieldName="QDIADescription"></PlanData>
      <PlanData FieldName="QDIACharacterInvest">retirement.wipfli.com</PlanData>
      <PlanData FieldName="QDIACharacterRisk">retirement.wipfli.com</PlanData>
      <PlanData FieldName="QDIACharacterFees">retirement.wipfli.com</PlanData>
      <PlanData FieldName="QDIADescriptionFrequency">at any time</PlanData>
      <PlanData FieldName="PlanLoansPermittedToPolicy"></PlanData>
      <PlanData FieldName="ParticipantDirInvPerm"></PlanData>
      <PlanData FieldName="ParticDirInvPermAcc"></PlanData>
      <PlanData FieldName="ParticDirInvPermRest"></PlanData>
      <PlanData FieldName="ParticDirInvPermERISA"></PlanData>
      <PlanData FieldName="ParticDirInvPermQDIA"></PlanData>
      <PlanData FieldName="ParticDirInvPermAccAllAccounts"></PlanData>
      <PlanData FieldName="ParticDirInvPermRestNone"></PlanData>
      <PlanData FieldName="ParticDirInvPermERISAApplies"></PlanData>
      <PlanData FieldName="QDIAYes"></PlanData>
      <PlanData FieldName="RolloverContrPermit"></PlanData>
      <PlanData FieldName="RolloverContrPermitWho"></PlanData>
      <PlanData FieldName="RolloverContrPermitSource"></PlanData>
      <PlanData FieldName="RolloverContrPermitWhoEligible"></PlanData>
      <PlanData FieldName="RolloverContrPermitSourceAll"></PlanData>
      <PlanData FieldName="PlanExpensesEmployerPays"></PlanData>
      <PlanData FieldName="RelatPartEmployerRelat"></PlanData>
      <PlanData FieldName="RelatPartEmployerPart"></PlanData>
      <PlanData FieldName="RelatPartEmployerForm"></PlanData>
      <PlanData FieldName="MultipleEmployerPlanStatus"></PlanData>
      <PlanData FieldName="RelatPartEmployerRelatNone"></PlanData>
      <PlanData FieldName="RelatPartEmployerPartNone"></PlanData>
      <PlanData FieldName="RelatPartEmployerFormNone"></PlanData>
      <PlanData FieldName="TopHvyMinMultPlanNA"></PlanData>
      <PlanData FieldName="SelfEmplParticipantNotApply"></PlanData>
      <PlanData FieldName="ProtectedBenefitsNotApply"></PlanData>
      <PlanData FieldName="NLifeIns"></PlanData>
      <PlanData FieldName="PlanLoansBorrower"></PlanData>
      <PlanData FieldName="PlanLoansLimit"></PlanData>
      <PlanData FieldName="PlanLoansBorrowerNoInvestigate"></PlanData>
      <PlanData FieldName="PlanLoansLimitMinimum"></PlanData>
      <PlanData FieldName="PlanLoansLimitMaximum">one</PlanData>
      <PlanData FieldName="PlanLoansLimitRefin"></PlanData>
      <PlanData FieldName="PlanLoansLimitPurpose"></PlanData>
      <PlanData FieldName="PlanLoansLimitAccount"></PlanData>
      <PlanData FieldName="PlanLoansLimitRefinNotPermit"></PlanData>
      <PlanData FieldName="PlanLoansLimitPurposeAny"></PlanData>
      <PlanData FieldName="PlanLoansLimitAccountPlanAdmn"></PlanData>
      <PlanData FieldName="PlanLoansTerms"></PlanData>
      <PlanData FieldName="PlanLoansTermsInterest"></PlanData>
      <PlanData FieldName="PlanLoansTermsHome"></PlanData>
      <PlanData FieldName="PlanLoansTermsTrust"></PlanData>
      <PlanData FieldName="PlanLoansTermsCharges"></PlanData>
      <PlanData FieldName="PlanLoansTermsAcceler"></PlanData>
      <PlanData FieldName="PlanLoansTermsLeave"></PlanData>
      <PlanData FieldName="PlanLoansDefault"></PlanData>
      <PlanData FieldName="PlanLoansDefaultMaximum"></PlanData>
      <PlanData FieldName="PlanLoansDefaultNoNew"></PlanData>
      <PlanData FieldName="PlanLoansDefaultNoNewCurrPrior"></PlanData>
      <PlanData FieldName="PlanLoansTermsInterestFillIn">Prime rate plus 1</PlanData>
      <PlanData FieldName="PlanLoansTermsHomeYears">15</PlanData>
      <PlanData FieldName="PlanLoansTermsTrustDirected"></PlanData>
      <PlanData FieldName="PlanLoansTermsChargesBorrow"></PlanData>
      <PlanData FieldName="PlanLoansTermsAccelerSepar"></PlanData>
      <PlanData FieldName="PlanLoansTermsAccelerPlanTerm"></PlanData>
      <PlanData FieldName="PlanLoansTermsLeaveMil"></PlanData>
      <PlanData FieldName="PlanLoansTermsLeaveNoMil"></PlanData>
      <PlanData FieldName="PlanLoansTermsLeaveMilSusp"></PlanData>
      <PlanData FieldName="PlanLoansTermsLeaveNoMilSusp"></PlanData>
      <PlanData FieldName="MandDistributionLimit5000"></PlanData>
      <PlanData FieldName="BasicPlanDocNameA">Wipfli LLP Defined Contribution Volume Submitter Plan and Trust</PlanData>
      <PlanData FieldName="FooterForSPD">Effective 1/1/2020</PlanData>
      <PlanData FieldName="FooterForSPDTitlePage"></PlanData>
      <PlanData FieldName="FooterSPDTitlePageSame"></PlanData>
      <PlanData FieldName="TrusteeNameADiscretion"></PlanData>
      <PlanData FieldName="TrusteeNameBDiscretion"></PlanData>
      <PlanData FieldName="TrusteeNameCDiscretion"></PlanData>
      <PlanData FieldName="DistrCashOnly"></PlanData>
      <PlanData FieldName="SafeHarbContrAdd"></PlanData>
      <PlanData FieldName="SafeHarbContrAddNoMatch"></PlanData>
      <PlanData FieldName="EmployerSecuritiesNA"></PlanData>
      <PlanData FieldName="AllocCondSuspend"></PlanData>
      <PlanData FieldName="AllocCondSuspendAppliesNo"></PlanData>
      <PlanData FieldName="NAffilGrp"></PlanData>
      <PlanData FieldName="NControlGrp"></PlanData>
      <PlanData FieldName="NAMultipleEmployerPlan"></PlanData>
      <PlanData FieldName="AllocClassEach"></PlanData>
      <PlanData FieldName="YOSOtherMeth">1,000</PlanData>
      <PlanData FieldName="YOSVest">1,000</PlanData>
      <PlanData FieldName="NAMultipleEmployerStatusPlan"></PlanData>
      <PlanData FieldName="EmployerAddressTelephone"></PlanData>
      <PlanData FieldName="AdminChecklistDate">January 2020</PlanData>
      <PlanData FieldName="QDIAType"></PlanData>
      <PlanData FieldName="QDIATypeLife"></PlanData>
      <PlanData FieldName="QDIAMultiplePrimaryDescInv">Vanguard Target Date Fund Series</PlanData>
      <PlanData FieldName="SHNPlanYearsBeginOn">January 1, 2020</PlanData>
      <PlanData FieldName="WordForWord"></PlanData>
      <PlanData FieldName="LimitYRLYPY"></PlanData>
      <PlanData FieldName="SpecialEffectiveDate4K">Roth - 1/1/2020</PlanData>
      <PlanData FieldName="InitialEffectiveDate">2007-02-01</PlanData>
      <PlanData FieldName="MergePlanEffDate">January 1, 2020</PlanData>
      <PlanData FieldName="RothYes"></PlanData>
      <PlanData FieldName="ExceptEEUnion"></PlanData>
      <PlanData FieldName="ExceptEENonResAliens"></PlanData>
      <PlanData FieldName="ExceptEEUnionAllContr"></PlanData>
      <PlanData FieldName="ExceptEENonResAliensAllContr"></PlanData>
      <PlanData FieldName="SafeHarbContrPossible"></PlanData>
      <PlanData FieldName="SafeHarbContrPossibleApplies"></PlanData>
      <PlanData FieldName="InPlanRothRollover"></PlanData>
      <PlanData FieldName="InPlanRothRolloverDate">January 1, 2020</PlanData>
      <PlanData FieldName="415RegPosSevAdjSameAllContr"></PlanData>
      <PlanData FieldName="Final415RegExcDefComp"></PlanData>
      <PlanData FieldName="415RegExclDefCompAllContr"></PlanData>
      <PlanData FieldName="PreEntryCompPartCompAllContr"></PlanData>
      <PlanData FieldName="BenDistribTimeBenElect"></PlanData>
      <PlanData FieldName="MandDistributionApp"></PlanData>
      <PlanData FieldName="MandDistributionAmount"></PlanData>
      <PlanData FieldName="MandDistributionAmountRegard">1</PlanData>
      <PlanData FieldName="MandDistributionAppDisregard"></PlanData>
      <PlanData FieldName="InServDistrAge59Must">59 1/2</PlanData>
      <PlanData FieldName="InServDistrAge59MustAllContr"></PlanData>
      <PlanData FieldName="InServDistrHardshipSHAll"></PlanData>
      <PlanData FieldName="InServDistrHardshipSHElect"></PlanData>
      <PlanData FieldName="InServDistrHardshipSHMatch"></PlanData>
      <PlanData FieldName="InServDistrHardshipSHSimple"></PlanData>
      <PlanData FieldName="QualifiedReservDistrElect"></PlanData>
      <PlanData FieldName="DistribSeveranceEmployAllContr"></PlanData>
      <PlanData FieldName="YOSVestPY12"></PlanData>
      <PlanData FieldName="YOSVestPY"></PlanData>
      <PlanData FieldName="AgeOther">21</PlanData>
      <PlanData FieldName="YRServReq"></PlanData>
      <PlanData FieldName="AgeOtherAllContr"></PlanData>
      <PlanData FieldName="YRServReqAllContr"></PlanData>
      <PlanData FieldName="ForfeitAddNonElect"></PlanData>
      <PlanData FieldName="ForfeitReduceNonElect"></PlanData>
      <PlanData FieldName="ForfeitPlanExpense"></PlanData>
      <PlanData FieldName="ForfeitAddNonElectAll"></PlanData>
      <PlanData FieldName="ForfeitReduceNonElectAll"></PlanData>
      <PlanData FieldName="ForfeitPlanExpenseAll"></PlanData>
      <PlanData FieldName="InPlanRothTransferDate">January 1, 2020</PlanData>
      <PlanData FieldName="InPlanRothTransfer"></PlanData>
      <PlanData FieldName="InclHardshipProvisions"></PlanData>
      <PlanData FieldName="InPlanRothTransf_AllAcct"></PlanData>
      <PlanData FieldName="InPlanRothTransf_LimitsNo"></PlanData>
      <PlanData FieldName="InPlanRothTransferAmendment"></PlanData>
      <PlanData FieldName="ForfeitureAmendment"></PlanData>
      <PlanData FieldName="QNECsMayBeWithdrawn"></PlanData>
      <PlanData FieldName="QMACsMayBeWithdrawn"></PlanData>
      <PlanData FieldName="ModificationHardshipSources"></PlanData>
      <PlanData FieldName="ModHardshipSourcesEffDate">January 1, 2020</PlanData>
      <PlanData FieldName="COLA2020AnnualCompLimit">285,000</PlanData>
      <PlanData FieldName="COLA2020_415DollarLimit">57,000</PlanData>
      <PlanData FieldName="COLA2020Reg401kDefLimit">19,500</PlanData>
      <PlanData FieldName="COLA2020Reg401kCatchUpLimit">6,500</PlanData>
      <PlanData FieldName="COLA2020Y">2020</PlanData>
    </Plan_Common_Data>
  </Plan_Data>
</Relius_Admin_Doc_Link>