﻿<?xml version="1.0" encoding="utf-8"?>
<Relius_Admin_Doc_Link Version="1.0">
  <Plan_Data>
    <Documents_Specific_Data>
      <!--Data Shared From RD-->
      <ProductId>26152</ProductId>
      <ProductName>Vol Submitter 401(k)</ProductName>
      <ProductVersion>1.0</ProductVersion>
      <ProjectId>{20B247DF-8F86-4B88-84B1-6A466E15000C}</ProjectId>
      <ProjectName>Landon Pryor MD SC</ProjectName>
      <FileLocation></FileLocation>
    </Documents_Specific_Data>
    <Admin_Specific_Data>
      <!--Data Shared From RA-->
    </Admin_Specific_Data>
    <Employer_Common_Data>
      <!--Employer Data Common to both RA and RD-->
      <CompanyName>Landon Pryor MD SC d/b/a Transformations Plastic Surgery</CompanyName>
      <StreetAddress>5995 Spring Creek Rd.</StreetAddress>
      <CityAddress>Rockford</CityAddress>
      <StateAddress>IL</StateAddress>
      <ZipAddress>61114</ZipAddress>
      <PhoneNumber>815-977-4403</PhoneNumber>
      <EmployerIdentificationNumber>27-4031036</EmployerIdentificationNumber>
    </Employer_Common_Data>
    <Plan_Common_Data>
      <!--General Data Common to Both-->
      <PlanData FieldName="PlanNameA">Transformations Plastic Surgery 401(k) Plan </PlanData>
      <PlanData FieldName="ProdPPAPPDVolSub4k"></PlanData>
      <PlanData FieldName="FooterSponsorName">Wipfli LLP</PlanData>
      <PlanData FieldName="SelectIndiv"></PlanData>
      <PlanData FieldName="YAA"></PlanData>
      <PlanData FieldName="DiscrTrustee"></PlanData>
      <PlanData FieldName="EEEligReq"></PlanData>
      <PlanData FieldName="415Comp"></PlanData>
      <PlanData FieldName="CompAdjSameAllContr"></PlanData>
      <PlanData FieldName="LimitYRPYDec31"></PlanData>
      <PlanData FieldName="NewTrust"></PlanData>
      <PlanData FieldName="HOSActual"></PlanData>
      <PlanData FieldName="ElecServCreditNA"></PlanData>
      <PlanData FieldName="EligCondSameAllContr"></PlanData>
      <PlanData FieldName="YOSOtherMethMain"></PlanData>
      <PlanData FieldName="YOSEligCompPer"></PlanData>
      <PlanData FieldName="BrksServNA"></PlanData>
      <PlanData FieldName="ForfeitAllocApplyContr"></PlanData>
      <PlanData FieldName="NRA">65</PlanData>
      <PlanData FieldName="VestingMain"></PlanData>
      <PlanData FieldName="YOSVestMain"></PlanData>
      <PlanData FieldName="YOSVestExclNA"></PlanData>
      <PlanData FieldName="ValTrustDateNA"></PlanData>
      <PlanData FieldName="MasterPlanSponAddress">3703 Oakwood Hills Parkway</PlanData>
      <PlanData FieldName="MasterPlanSponPhone">(715) 832-3407</PlanData>
      <PlanData FieldName="MasterPlanSponName">Wipfli LLP</PlanData>
      <PlanData FieldName="MasterPlanSponCity">Eau Claire</PlanData>
      <PlanData FieldName="MasterPlanSponState">WI</PlanData>
      <PlanData FieldName="MasterPlanSponZip">54701</PlanData>
      <PlanData FieldName="YNAPrintBlank"></PlanData>
      <PlanData FieldName="YesSPDHeaderOrFooter"></PlanData>
      <PlanData FieldName="Y2ndAdoptER"></PlanData>
      <PlanData FieldName="N3rdAdoptER"></PlanData>
      <PlanData FieldName="TrusteeNameA">Landon Pryor MD</PlanData>
      <PlanData FieldName="401kAmntDefContr"></PlanData>
      <PlanData FieldName="ContrTypeERNonElect"></PlanData>
      <PlanData FieldName="ContrType401kSafeHarb"></PlanData>
      <PlanData FieldName="AllocDisparityForm"></PlanData>
      <PlanData FieldName="ReleaseDate"></PlanData>
      <PlanData FieldName="PreEntryCompPartComp"></PlanData>
      <PlanData FieldName="EligCompPerPY"></PlanData>
      <PlanData FieldName="AutoDefDoNotApply"></PlanData>
      <PlanData FieldName="AllocDisparityFormFormula"></PlanData>
      <PlanData FieldName="AllocCond"></PlanData>
      <PlanData FieldName="AccBalImmed"></PlanData>
      <PlanData FieldName="YInServDistr"></PlanData>
      <PlanData FieldName="PayMethLmpSum"></PlanData>
      <PlanData FieldName="PayMethAdHoc"></PlanData>
      <PlanData FieldName="AnnuitDistrExclJSAPS"></PlanData>
      <PlanData FieldName="AllEarnDaily"></PlanData>
      <PlanData FieldName="PlanNumOther">001</PlanData>
      <PlanData FieldName="EmployerNameA">Landon Pryor MD SC d/b/a Transformations Plastic Surgery</PlanData>
      <PlanData FieldName="EmployerStreet">5995 Spring Creek Rd.</PlanData>
      <PlanData FieldName="EmployerCity">Rockford</PlanData>
      <PlanData FieldName="EmployerState">Illinois</PlanData>
      <PlanData FieldName="EmployerZip">61114</PlanData>
      <PlanData FieldName="EmployerPhone">815-977-4403</PlanData>
      <PlanData FieldName="EmployerTaxableYear">December 31</PlanData>
      <PlanData FieldName="EmployerEIN">27-4031036</PlanData>
      <PlanData FieldName="AffimDeferNoAutoEscalatn"></PlanData>
      <PlanData FieldName="FirstDayPYNextFolowing"></PlanData>
      <PlanData FieldName="AdoptAgreeNum">003</PlanData>
      <PlanData FieldName="BasicPlanDocNum">08</PlanData>
      <PlanData FieldName="CatchupContributionsMatch"></PlanData>
      <PlanData FieldName="PlanExpDistrTermAmt">75; plus $50 for a second distribution related to the Roth Account</PlanData>
      <PlanData FieldName="PlanExpQDROAmt">400</PlanData>
      <PlanData FieldName="PlanExpInSvcDistrAmt">75; plus $50 for a second distribution related to the Roth Account</PlanData>
      <PlanData FieldName="PlanExpRMDAmt">75</PlanData>
      <PlanData FieldName="DisabilityDescribe">Disability as defined by the Social Security Administration</PlanData>
      <PlanData FieldName="SpecEligEffDateWaiverAfterDate">April 1, 2015</PlanData>
      <PlanData FieldName="1stDay7thMonth"></PlanData>
      <PlanData FieldName="ElectDeferLimitNone"></PlanData>
      <PlanData FieldName="CODADoNotApply"></PlanData>
      <PlanData FieldName="ERDiscrPSOpen"></PlanData>
      <PlanData FieldName="QNECNotApplicable"></PlanData>
      <PlanData FieldName="SafeHarbContrEnhncd"></PlanData>
      <PlanData FieldName="AllocCondTotalWaive"></PlanData>
      <PlanData FieldName="AllocCondTotalWaiveDoNotApply"></PlanData>
      <PlanData FieldName="TestElecNonDiscr"></PlanData>
      <PlanData FieldName="ERANotApplicable"></PlanData>
      <PlanData FieldName="TestElec401kSafeHarb"></PlanData>
      <PlanData FieldName="VstApplies"></PlanData>
      <PlanData FieldName="MandDistribution"></PlanData>
      <PlanData FieldName="MandDistributionLimit"></PlanData>
      <PlanData FieldName="InServDistrAdd"></PlanData>
      <PlanData FieldName="UnifPerc">100</PlanData>
      <PlanData FieldName="415CompAllContr"></PlanData>
      <PlanData FieldName="HOSActualAll"></PlanData>
      <PlanData FieldName="1stDay7thMonthAllContr"></PlanData>
      <PlanData FieldName="TestElecNonDiscrSafeNoTest"></PlanData>
      <PlanData FieldName="AccBalImmedMandatory"></PlanData>
      <PlanData FieldName="AccBalImmedReqConsent"></PlanData>
      <PlanData FieldName="InServDistrAddVest"></PlanData>
      <PlanData FieldName="AllEarnDailyAllContr"></PlanData>
      <PlanData FieldName="FirstDayPYNextFolowingAllContr"></PlanData>
      <PlanData FieldName="CatchupContributionsMatchAll"></PlanData>
      <PlanData FieldName="UnifPercExc">4</PlanData>
      <PlanData FieldName="AllocCondLastDayofPY"></PlanData>
      <PlanData FieldName="AllocCondElapTimeMeth"></PlanData>
      <PlanData FieldName="AllocCondLastDayofPYMNF"></PlanData>
      <PlanData FieldName="AllocCondElapTimeMethMNF"></PlanData>
      <PlanData FieldName="InServDistrDisability"></PlanData>
      <PlanData FieldName="InServDistrAge"></PlanData>
      <PlanData FieldName="DistribSeveranceEmployYes"></PlanData>
      <PlanData FieldName="QualifiedReservistDistribution"></PlanData>
      <PlanData FieldName="InServDistrDisabilityAllContr"></PlanData>
      <PlanData FieldName="ValTrustDateNAAllContr"></PlanData>
      <PlanData FieldName="SpecialEffDateNA"></PlanData>
      <PlanData FieldName="VestTopHvy6YRGrade"></PlanData>
      <PlanData FieldName="VestTopHvy6YRGradeAllContr"></PlanData>
      <PlanData FieldName="AllocRelated"></PlanData>
      <PlanData FieldName="AllocRelatedAlloc"></PlanData>
      <PlanData FieldName="AllocRelatedAllocAll"></PlanData>
      <PlanData FieldName="4TierTopHvyPYDisparity"></PlanData>
      <PlanData FieldName="InServDistrAddVest100NoHrdship"></PlanData>
      <PlanData FieldName="AnnuitDistrExclJSAPS1YR"></PlanData>
      <PlanData FieldName="AnnuitDistrExclJSAPS1YRNotAppl"></PlanData>
      <PlanData FieldName="YLongQASPD"></PlanData>
      <PlanData FieldName="YSafeHarborNotice"></PlanData>
      <PlanData FieldName="SpecialTaxNoticeYes"></PlanData>
      <PlanData FieldName="YPAG"></PlanData>
      <PlanData FieldName="YIndex"></PlanData>
      <PlanData FieldName="YAdmin"></PlanData>
      <PlanData FieldName="YCorp"></PlanData>
      <PlanData FieldName="YShortQASPD"></PlanData>
      <PlanData FieldName="GeneralForms"></PlanData>
      <PlanData FieldName="IncludeFollowingForms"></PlanData>
      <PlanData FieldName="PlanExpSpecificParticipantYes"></PlanData>
      <PlanData FieldName="1stAdoptERName">Landon Pryor MD SC d/b/a Transformations Plastic Surgery</PlanData>
      <PlanData FieldName="1stAdoptERStreet">5995 Spring Creek Road</PlanData>
      <PlanData FieldName="1stAdoptERPhone">815-977-4403</PlanData>
      <PlanData FieldName="1stAdoptEIN">27-4031036</PlanData>
      <PlanData FieldName="1stAdoptFiscalYear">December 31</PlanData>
      <PlanData FieldName="1stAdoptERCity">Rockford</PlanData>
      <PlanData FieldName="1stAdoptERState">Illinois</PlanData>
      <PlanData FieldName="1stAdoptERZip">61114</PlanData>
      <PlanData FieldName="1stAdoptEREffDate"></PlanData>
      <PlanData FieldName="1stAdoptERSpecDates"></PlanData>
      <PlanData FieldName="PlanLoansNone"></PlanData>
      <PlanData FieldName="ParticipantDirInvNone"></PlanData>
      <PlanData FieldName="RolloverContrPermit"></PlanData>
      <PlanData FieldName="RolloverContrPermitWho"></PlanData>
      <PlanData FieldName="RolloverContrPermitSource"></PlanData>
      <PlanData FieldName="RolloverContrPermitWhoEligible"></PlanData>
      <PlanData FieldName="RolloverContrPermitSourceAll"></PlanData>
      <PlanData FieldName="PlanExpensesEmployerPays"></PlanData>
      <PlanData FieldName="RelatPartEmployerRelat"></PlanData>
      <PlanData FieldName="RelatPartEmployerPart"></PlanData>
      <PlanData FieldName="RelatPartEmployerForm"></PlanData>
      <PlanData FieldName="MultipleEmployerPlanStatus"></PlanData>
      <PlanData FieldName="RelatPartEmployerRelatName">MDJD Aesthetic Practice Transformations, Inc.</PlanData>
      <PlanData FieldName="RelatPartEmployerPartName">MDJD Aesthetic Practice Transformations, Inc.</PlanData>
      <PlanData FieldName="RelatPartEmployerFormNone"></PlanData>
      <PlanData FieldName="TopHvyMinMultPlanNA"></PlanData>
      <PlanData FieldName="SelfEmplParticipantNotApply"></PlanData>
      <PlanData FieldName="ProtectedBenefitsNotApply"></PlanData>
      <PlanData FieldName="NLifeIns"></PlanData>
      <PlanData FieldName="Y1stAdoptER"></PlanData>
      <PlanData FieldName="ParticipatingEmployerSPD"></PlanData>
      <PlanData FieldName="YesParticipatingEmployer"></PlanData>
      <PlanData FieldName="PlanExpAppendixGeneral"></PlanData>
      <PlanData FieldName="PlanExpAppendixCharges"></PlanData>
      <PlanData FieldName="PlanExpAppendixGeneralUse"></PlanData>
      <PlanData FieldName="PlanExpAppendixFollows"></PlanData>
      <PlanData FieldName="MandDistributionLimit1000"></PlanData>
      <PlanData FieldName="1stAdoptERSpecDatesNone"></PlanData>
      <PlanData FieldName="2ndAdoptEREffDate"></PlanData>
      <PlanData FieldName="2ndAdoptERSpecDates"></PlanData>
      <PlanData FieldName="2ndAdoptERSpecDatesNone"></PlanData>
      <PlanData FieldName="2ndAdoptERPhone">815-671-4284</PlanData>
      <PlanData FieldName="2ndAdoptEIN">83-4719482</PlanData>
      <PlanData FieldName="2ndAdoptFiscalYear">December 31</PlanData>
      <PlanData FieldName="2ndAdoptERName">MDJD Aesthetic Practice Transformations, Inc.</PlanData>
      <PlanData FieldName="2ndAdoptERStreet">5995 Spring Creek Road</PlanData>
      <PlanData FieldName="2ndAdoptERZip">61114</PlanData>
      <PlanData FieldName="2ndAdoptERCity">Rockford</PlanData>
      <PlanData FieldName="2ndAdoptERState">Illinois</PlanData>
      <PlanData FieldName="BasicPlanDocNameA">Wipfli LLP Defined Contribution Volume Submitter Plan and Trust</PlanData>
      <PlanData FieldName="FooterForSPDTitlePage"></PlanData>
      <PlanData FieldName="FooterNameForSPDTitlePage">Updated August 1, 2020</PlanData>
      <PlanData FieldName="TrusteeNameADiscretion"></PlanData>
      <PlanData FieldName="DistrCashProp"></PlanData>
      <PlanData FieldName="SafeHarbContrAdd"></PlanData>
      <PlanData FieldName="SafeHarbContrAddNoMatch"></PlanData>
      <PlanData FieldName="EmployerSecuritiesNA"></PlanData>
      <PlanData FieldName="1stAdoptERRestate"></PlanData>
      <PlanData FieldName="2ndAdoptERRestate"></PlanData>
      <PlanData FieldName="AllocCondSuspend"></PlanData>
      <PlanData FieldName="AllocCondSuspendApplies"></PlanData>
      <PlanData FieldName="AllocCondSuspendAppliesNonElec"></PlanData>
      <PlanData FieldName="NAffilGrp"></PlanData>
      <PlanData FieldName="NControlGrp"></PlanData>
      <PlanData FieldName="MultiEmployerPlanApplies">August 1, 2020</PlanData>
      <PlanData FieldName="YOSOtherMeth">1,000</PlanData>
      <PlanData FieldName="YOSVest">1,000</PlanData>
      <PlanData FieldName="NAMultipleEmployerStatusPlan"></PlanData>
      <PlanData FieldName="EmployerAddressTelephone"></PlanData>
      <PlanData FieldName="AdminChecklistDate">April 1, 2015</PlanData>
      <PlanData FieldName="SHNPlanYearsBeginOn">January 1, 2021</PlanData>
      <PlanData FieldName="WordForWord"></PlanData>
      <PlanData FieldName="LimitYRLYPY"></PlanData>
      <PlanData FieldName="SpecialEffectiveDate4K">April 1, 2015</PlanData>
      <PlanData FieldName="InitialEffectiveDate">2015-01-01</PlanData>
      <PlanData FieldName="RothYes"></PlanData>
      <PlanData FieldName="ExcessCompDisparity"></PlanData>
      <PlanData FieldName="ExcessCompTWB">80</PlanData>
      <PlanData FieldName="ExcessCompTWBMax">100</PlanData>
      <PlanData FieldName="AllocRelatedSharing"></PlanData>
      <PlanData FieldName="AllocRelatedSharingAcross"></PlanData>
      <PlanData FieldName="SafeHarbContrEnhncdTime">the Plan Year</PlanData>
      <PlanData FieldName="SafeHarbContrPossible"></PlanData>
      <PlanData FieldName="SafeHarbContrPossibleApplies"></PlanData>
      <PlanData FieldName="InPlanRothRolloverNo"></PlanData>
      <PlanData FieldName="415RegPosSevCompDefaultApplAll"></PlanData>
      <PlanData FieldName="PreEntryCompPartCompAllContr"></PlanData>
      <PlanData FieldName="BenDistribTimeBenElect"></PlanData>
      <PlanData FieldName="MandDistributionApp"></PlanData>
      <PlanData FieldName="EGTRRARolloverNotExcl"></PlanData>
      <PlanData FieldName="InServDistrAge59Must">59 1/2</PlanData>
      <PlanData FieldName="InServDistrAge59MustAllContr"></PlanData>
      <PlanData FieldName="QualifiedReservDistrElect"></PlanData>
      <PlanData FieldName="DistribSeveranceEmployAllContr"></PlanData>
      <PlanData FieldName="YOSVestPY12"></PlanData>
      <PlanData FieldName="YOSVestPY"></PlanData>
      <PlanData FieldName="CompAdjExclFringeBen"></PlanData>
      <PlanData FieldName="CompAdjExclFringeBenAllContr"></PlanData>
      <PlanData FieldName="AgeOther">21</PlanData>
      <PlanData FieldName="YRServReq"></PlanData>
      <PlanData FieldName="AgeOtherAllContr"></PlanData>
      <PlanData FieldName="YRServReqAllContr"></PlanData>
      <PlanData FieldName="ForfeitReduceNonElect"></PlanData>
      <PlanData FieldName="ForfeitPlanExpense"></PlanData>
      <PlanData FieldName="ForfeitReduceNonElectAll"></PlanData>
      <PlanData FieldName="ForfeitPlanExpenseAll"></PlanData>
      <PlanData FieldName="BasicPlanOverRideDist"></PlanData>
      <PlanData FieldName="BasicPlanOverRideDistReplace">1,000</PlanData>
      <PlanData FieldName="BasicPlanOverRideDistRMD"></PlanData>
      <PlanData FieldName="BenDistribMeth"></PlanData>
      <PlanData FieldName="BasicPlanOverRideWRERARMD"></PlanData>
      <PlanData FieldName="2009RMDandExtended2009RMD"></PlanData>
      <PlanData FieldName="COLA2015Y">2021</PlanData>
      <PlanData FieldName="COLA2015Reg401kCatchUpLimit">6,500</PlanData>
      <PlanData FieldName="COLA2015AnnualCompLimit">290,000</PlanData>
      <PlanData FieldName="COLA2015_415DollarLimit">58,000</PlanData>
      <PlanData FieldName="COLA2015Reg401kDefLimit">19,500</PlanData>
      <PlanData FieldName="BenDistribMethOverRide"></PlanData>
      <PlanData FieldName="BenDistribMethLumpSum"></PlanData>
      <PlanData FieldName="BenDistribMethAdHoc"></PlanData>
      <PlanData FieldName="1stAdoptEROriginalEffDate">January 1, 2015</PlanData>
      <PlanData FieldName="2ndAdoptEROriginalEffDate">August 1, 2020</PlanData>
      <PlanData FieldName="LeadER"></PlanData>
    </Plan_Common_Data>
  </Plan_Data>
</Relius_Admin_Doc_Link>