﻿<?xml version="1.0" encoding="utf-8"?>
<Relius_Admin_Doc_Link Version="1.0">
  <Plan_Data>
    <Documents_Specific_Data>
      <!--Data Shared From RD-->
      <ProductId>13553</ProductId>
      <ProductName>Vol Submitter 401(k)</ProductName>
      <ProductVersion>6.0</ProductVersion>
      <ProjectId>{50079803-38A1-47BC-AD61-788E44883F1A}</ProjectId>
      <ProjectName>Leo Van De Yacht</ProjectName>
      <FileLocation></FileLocation>
    </Documents_Specific_Data>
    <Admin_Specific_Data>
      <!--Data Shared From RA-->
    </Admin_Specific_Data>
    <Employer_Common_Data>
      <!--Employer Data Common to both RA and RD-->
      <CompanyName>Leo Van De Yacht Well Drilling, Inc.</CompanyName>
      <StreetAddress>1267 Lakeview Drive</StreetAddress>
      <CityAddress>Green Bay</CityAddress>
      <StateAddress>WI</StateAddress>
      <ZipAddress>54313</ZipAddress>
      <PhoneNumber>(920) 434-2969</PhoneNumber>
      <EmployerIdentificationNumber>39-1724083</EmployerIdentificationNumber>
    </Employer_Common_Data>
    <Plan_Common_Data>
      <!--General Data Common to Both-->
      <PlanData FieldName="PlanNameA">Leo Van De Yacht Well Drilling, Inc. 401(k) Profit Sharing Plan &amp; Trust </PlanData>
      <PlanData FieldName="ProdPPAPPDVolSub4k"></PlanData>
      <PlanData FieldName="FooterSponsorName">Wipfli LLP</PlanData>
      <PlanData FieldName="SelectIndiv"></PlanData>
      <PlanData FieldName="YAA"></PlanData>
      <PlanData FieldName="DiscrTrustee"></PlanData>
      <PlanData FieldName="EEEligSameExclAllContr"></PlanData>
      <PlanData FieldName="415Comp"></PlanData>
      <PlanData FieldName="NACompAdj"></PlanData>
      <PlanData FieldName="LimitYRPYDec31"></PlanData>
      <PlanData FieldName="AmendRestate"></PlanData>
      <PlanData FieldName="HOSActual"></PlanData>
      <PlanData FieldName="ElecServCreditNA"></PlanData>
      <PlanData FieldName="EligCondSameAllContr"></PlanData>
      <PlanData FieldName="YOSOtherMethMain"></PlanData>
      <PlanData FieldName="YOSEligCompPer"></PlanData>
      <PlanData FieldName="BrksServNA"></PlanData>
      <PlanData FieldName="ForfeitAllocApplyContr"></PlanData>
      <PlanData FieldName="NRA">65</PlanData>
      <PlanData FieldName="VestingMain"></PlanData>
      <PlanData FieldName="YOSVestMain"></PlanData>
      <PlanData FieldName="YOSVestExcl"></PlanData>
      <PlanData FieldName="ValTrustDateDaily"></PlanData>
      <PlanData FieldName="MasterPlanSponAddress">3703 Oakwood Hills Parkway</PlanData>
      <PlanData FieldName="MasterPlanSponPhone">(715) 832-3407</PlanData>
      <PlanData FieldName="MasterPlanSponName">Wipfli LLP</PlanData>
      <PlanData FieldName="MasterPlanSponCity">Eau Claire</PlanData>
      <PlanData FieldName="MasterPlanSponState">WI</PlanData>
      <PlanData FieldName="MasterPlanSponZip">54701</PlanData>
      <PlanData FieldName="YNAPrintBlank"></PlanData>
      <PlanData FieldName="YesSPDHeaderOrFooter"></PlanData>
      <PlanData FieldName="Y2ndAdoptER"></PlanData>
      <PlanData FieldName="N3rdAdoptER"></PlanData>
      <PlanData FieldName="TrusteeNameA">Troy Van De Yacht</PlanData>
      <PlanData FieldName="TrusteeNameB">Eric Van De Yacht</PlanData>
      <PlanData FieldName="401kAmntDefContr"></PlanData>
      <PlanData FieldName="ContrTypeERNonElect"></PlanData>
      <PlanData FieldName="ContrType401kSafeHarb"></PlanData>
      <PlanData FieldName="AllocClass"></PlanData>
      <PlanData FieldName="ReleaseDate"></PlanData>
      <PlanData FieldName="PreEntryCompPY"></PlanData>
      <PlanData FieldName="EligCompPerPY"></PlanData>
      <PlanData FieldName="AutoDefDoNotApply"></PlanData>
      <PlanData FieldName="NoAllocCond"></PlanData>
      <PlanData FieldName="AccBalImmed"></PlanData>
      <PlanData FieldName="YInServDistr"></PlanData>
      <PlanData FieldName="PayMethLmpSum"></PlanData>
      <PlanData FieldName="PayMethInstallReqMin"></PlanData>
      <PlanData FieldName="PayMethAdHoc"></PlanData>
      <PlanData FieldName="AnnuitDistrExclJSAPS"></PlanData>
      <PlanData FieldName="AllEarnDaily"></PlanData>
      <PlanData FieldName="PlanNumOther">001</PlanData>
      <PlanData FieldName="EmployerNameA">Leo Van De Yacht Well Drilling, Inc.</PlanData>
      <PlanData FieldName="EmployerStreet">1267 Lakeview Drive</PlanData>
      <PlanData FieldName="EmployerCity">Green Bay</PlanData>
      <PlanData FieldName="EmployerState">Wisconsin</PlanData>
      <PlanData FieldName="EmployerZip">54313</PlanData>
      <PlanData FieldName="EmployerPhone">(920) 434-2969</PlanData>
      <PlanData FieldName="EmployerTaxableYear">12/31</PlanData>
      <PlanData FieldName="EmployerEIN">39-1724083</PlanData>
      <PlanData FieldName="AffimDeferNoAutoEscalatn"></PlanData>
      <PlanData FieldName="FirstDayPYNextFolowing"></PlanData>
      <PlanData FieldName="AdoptAgreeNum">003</PlanData>
      <PlanData FieldName="BasicPlanDocNum">08</PlanData>
      <PlanData FieldName="DisabilityDescribe">it is determined by the Social Security Administration</PlanData>
      <PlanData FieldName="1stDay7thMonth"></PlanData>
      <PlanData FieldName="ElectDeferLimitNone"></PlanData>
      <PlanData FieldName="CODADoNotApply"></PlanData>
      <PlanData FieldName="ERDiscrPSOpen"></PlanData>
      <PlanData FieldName="DescriptionofClass"></PlanData>
      <PlanData FieldName="QNECNotApplicable"></PlanData>
      <PlanData FieldName="SafeHarbContrNonElect">3</PlanData>
      <PlanData FieldName="TestElecNonDiscr"></PlanData>
      <PlanData FieldName="ERANotApplicable"></PlanData>
      <PlanData FieldName="TestElec401kSafeHarb"></PlanData>
      <PlanData FieldName="VstApplies"></PlanData>
      <PlanData FieldName="MandDistribution"></PlanData>
      <PlanData FieldName="MandDistributionLimit"></PlanData>
      <PlanData FieldName="InServDistrNoAdd"></PlanData>
      <PlanData FieldName="415CompAllContr"></PlanData>
      <PlanData FieldName="HOSActualAll"></PlanData>
      <PlanData FieldName="1stDay7thMonthAllContr"></PlanData>
      <PlanData FieldName="TestElecNonDiscrSafeNoTest"></PlanData>
      <PlanData FieldName="AccBalImmedMandatory"></PlanData>
      <PlanData FieldName="AccBalImmedReqConsent"></PlanData>
      <PlanData FieldName="AllEarnDailyAllContr"></PlanData>
      <PlanData FieldName="PreEntryCompPYAllContr"></PlanData>
      <PlanData FieldName="FirstDayPYNextFolowingAllContr"></PlanData>
      <PlanData FieldName="InServDistrDisability"></PlanData>
      <PlanData FieldName="DistribSeveranceEmployYes"></PlanData>
      <PlanData FieldName="InServDistrHardship"></PlanData>
      <PlanData FieldName="QualifiedReservistDistribution"></PlanData>
      <PlanData FieldName="InServDistrDisabilityAllContr"></PlanData>
      <PlanData FieldName="ValTrustDateDailyAllContr"></PlanData>
      <PlanData FieldName="SpecialEffDateOtherElections">54. Multiple Employer Plan</PlanData>
      <PlanData FieldName="VestTopHvy6YRGrade"></PlanData>
      <PlanData FieldName="VestTopHvy6YRGradeAllContr"></PlanData>
      <PlanData FieldName="AllocRelated"></PlanData>
      <PlanData FieldName="AllocRelatedAlloc"></PlanData>
      <PlanData FieldName="AllocRelatedAllocAll"></PlanData>
      <PlanData FieldName="AnnuitDistrExclJSAPS1YR"></PlanData>
      <PlanData FieldName="AnnuitDistrExclJSAPS1YRNotAppl"></PlanData>
      <PlanData FieldName="YLongQASPD"></PlanData>
      <PlanData FieldName="YSafeHarborNotice"></PlanData>
      <PlanData FieldName="YPAG"></PlanData>
      <PlanData FieldName="YIndex"></PlanData>
      <PlanData FieldName="YAdmin"></PlanData>
      <PlanData FieldName="YQDIANotice"></PlanData>
      <PlanData FieldName="YCorp"></PlanData>
      <PlanData FieldName="YShortQASPD"></PlanData>
      <PlanData FieldName="GeneralForms"></PlanData>
      <PlanData FieldName="1stAdoptERName">Leo Van De Yacht Well Drilling, Inc.</PlanData>
      <PlanData FieldName="1stAdoptERStreet">1267 Lakeview Drive</PlanData>
      <PlanData FieldName="1stAdoptERPhone">(920) 434-2969</PlanData>
      <PlanData FieldName="1stAdoptEIN">39-1724083</PlanData>
      <PlanData FieldName="1stAdoptFiscalYear">12/31</PlanData>
      <PlanData FieldName="1stAdoptERCity">Greem Bay</PlanData>
      <PlanData FieldName="1stAdoptERState">Wisconsin</PlanData>
      <PlanData FieldName="1stAdoptERZip">54313</PlanData>
      <PlanData FieldName="1stAdoptEREffDate"></PlanData>
      <PlanData FieldName="1stAdoptERSpecDates"></PlanData>
      <PlanData FieldName="QDIACharacter"></PlanData>
      <PlanData FieldName="QDIADescription"></PlanData>
      <PlanData FieldName="QDIACharacterInvest">See Pathfinder Portfolios</PlanData>
      <PlanData FieldName="QDIACharacterRisk">See Pathfinder Portfolios</PlanData>
      <PlanData FieldName="QDIACharacterFees">See Pathfinder Portfolios</PlanData>
      <PlanData FieldName="QDIADescriptionFrequency">at any time</PlanData>
      <PlanData FieldName="PlanLoansNone"></PlanData>
      <PlanData FieldName="ParticipantDirInvPerm"></PlanData>
      <PlanData FieldName="ParticDirInvPermAcc"></PlanData>
      <PlanData FieldName="ParticDirInvPermRest"></PlanData>
      <PlanData FieldName="ParticDirInvPermERISA"></PlanData>
      <PlanData FieldName="ParticDirInvPermQDIA"></PlanData>
      <PlanData FieldName="ParticDirInvPermAccAllAccounts"></PlanData>
      <PlanData FieldName="ParticDirInvPermRestNone"></PlanData>
      <PlanData FieldName="ParticDirInvPermERISAApplies"></PlanData>
      <PlanData FieldName="QDIAYes"></PlanData>
      <PlanData FieldName="RolloverContrPermit"></PlanData>
      <PlanData FieldName="RolloverContrPermitWho"></PlanData>
      <PlanData FieldName="RolloverContrPermitSource"></PlanData>
      <PlanData FieldName="RolloverContrPermitWhoEligible"></PlanData>
      <PlanData FieldName="RolloverContrPermitSourceAll"></PlanData>
      <PlanData FieldName="PlanExpensesEmployerPays"></PlanData>
      <PlanData FieldName="RelatPartEmployerRelat"></PlanData>
      <PlanData FieldName="RelatPartEmployerPart"></PlanData>
      <PlanData FieldName="RelatPartEmployerForm"></PlanData>
      <PlanData FieldName="MultipleEmployerPlanStatus"></PlanData>
      <PlanData FieldName="RelatPartEmployerRelatNone"></PlanData>
      <PlanData FieldName="RelatPartEmployerPartNone"></PlanData>
      <PlanData FieldName="RelatPartEmployerFormNone"></PlanData>
      <PlanData FieldName="TopHvyMinMultPlanNA"></PlanData>
      <PlanData FieldName="SelfEmplParticipantNotApply"></PlanData>
      <PlanData FieldName="ProtectedBenefitsNotApply"></PlanData>
      <PlanData FieldName="NLifeIns"></PlanData>
      <PlanData FieldName="Y1stAdoptER"></PlanData>
      <PlanData FieldName="ParticipatingEmployerSPD"></PlanData>
      <PlanData FieldName="YesParticipatingEmployer"></PlanData>
      <PlanData FieldName="MandDistributionLimit5000"></PlanData>
      <PlanData FieldName="1stAdoptERSpecDatesNone"></PlanData>
      <PlanData FieldName="2ndAdoptEREffDate"></PlanData>
      <PlanData FieldName="2ndAdoptERSpecDates"></PlanData>
      <PlanData FieldName="2ndAdoptERSpecDatesNone"></PlanData>
      <PlanData FieldName="2ndAdoptERPhone">(920) 434-2969</PlanData>
      <PlanData FieldName="2ndAdoptEIN">20-0015452</PlanData>
      <PlanData FieldName="2ndAdoptFiscalYear">12/31</PlanData>
      <PlanData FieldName="2ndAdoptERName">Leo Van De Yacht Pump Installing, Inc.</PlanData>
      <PlanData FieldName="2ndAdoptERStreet">1267 Lakeview Drive</PlanData>
      <PlanData FieldName="2ndAdoptERZip">54313</PlanData>
      <PlanData FieldName="2ndAdoptERCity">Green Bay</PlanData>
      <PlanData FieldName="2ndAdoptERState">Wisconsin</PlanData>
      <PlanData FieldName="BasicPlanDocNameA">Wipfli LLP Defined Contribution Volume Submitter Plan and Trust</PlanData>
      <PlanData FieldName="FooterForSPD">Effective 1/1/2018</PlanData>
      <PlanData FieldName="FooterForSPDTitlePage"></PlanData>
      <PlanData FieldName="FooterSPDTitlePageSame"></PlanData>
      <PlanData FieldName="TrusteeNameADiscretion"></PlanData>
      <PlanData FieldName="TrusteeNameBDiscretion"></PlanData>
      <PlanData FieldName="DistrCashOnly"></PlanData>
      <PlanData FieldName="SafeHarbContrAdd"></PlanData>
      <PlanData FieldName="SafeHarbContrAddNoMatch"></PlanData>
      <PlanData FieldName="EmployerSecuritiesNA"></PlanData>
      <PlanData FieldName="1stAdoptERRestate"></PlanData>
      <PlanData FieldName="1stAdoptERRestateDate">January 1, 2018</PlanData>
      <PlanData FieldName="2ndAdoptERRestate"></PlanData>
      <PlanData FieldName="2ndAdoptERRestateDate">January 1, 2018</PlanData>
      <PlanData FieldName="NAffilGrp"></PlanData>
      <PlanData FieldName="NControlGrp"></PlanData>
      <PlanData FieldName="MultiEmployerPlanApplies">January 1, 2018</PlanData>
      <PlanData FieldName="AllocClassEach"></PlanData>
      <PlanData FieldName="YOSOtherMeth">1,000</PlanData>
      <PlanData FieldName="YOSVest">1,000</PlanData>
      <PlanData FieldName="YESMultipleEmployerStatusPlan"></PlanData>
      <PlanData FieldName="NameOfParticipatingEmployers">Leo Van De Yacht Pump Installing, Inc.</PlanData>
      <PlanData FieldName="EmployerAddressTelephone"></PlanData>
      <PlanData FieldName="AdminChecklistDate">January 2018</PlanData>
      <PlanData FieldName="QDIAType"></PlanData>
      <PlanData FieldName="QDIATypeLife"></PlanData>
      <PlanData FieldName="QDIAMultiplePrimaryDescInv">Moderate Portfolio</PlanData>
      <PlanData FieldName="SHNPlanYearsBeginOn">January 1, 2018</PlanData>
      <PlanData FieldName="WordForWord"></PlanData>
      <PlanData FieldName="LimitYRLYPY"></PlanData>
      <PlanData FieldName="InitialEffectiveDate">2011-01-01</PlanData>
      <PlanData FieldName="MergePlanEffDate">January 1, 2018</PlanData>
      <PlanData FieldName="RothYes"></PlanData>
      <PlanData FieldName="ExceptEEUnion"></PlanData>
      <PlanData FieldName="ExceptEENonResAliens"></PlanData>
      <PlanData FieldName="ExceptEEPartTempSeas">1,000</PlanData>
      <PlanData FieldName="ExceptEEClassDescribe">HCE from 3% SH Cont.</PlanData>
      <PlanData FieldName="ExceptEEUnionAllContr"></PlanData>
      <PlanData FieldName="ExceptEENonResAliensAllContr"></PlanData>
      <PlanData FieldName="AllocRelatedSharing"></PlanData>
      <PlanData FieldName="AllocRelatedSharingAcross"></PlanData>
      <PlanData FieldName="SafeHarbContrPossible"></PlanData>
      <PlanData FieldName="SafeHarbContrPossibleApplies"></PlanData>
      <PlanData FieldName="InPlanRothRollover"></PlanData>
      <PlanData FieldName="InPlanRothRolloverDate">January 1, 2016</PlanData>
      <PlanData FieldName="415RegPosSevAdjSameAllContr"></PlanData>
      <PlanData FieldName="Final415RegExclPostSevComp"></PlanData>
      <PlanData FieldName="Final415RegExcDefComp"></PlanData>
      <PlanData FieldName="415RegExclDefCompAllContr"></PlanData>
      <PlanData FieldName="BenDistribTimeBenElect"></PlanData>
      <PlanData FieldName="MandDistributionApp"></PlanData>
      <PlanData FieldName="MandDistributionAmount"></PlanData>
      <PlanData FieldName="MandDistributionAmountExceeds"></PlanData>
      <PlanData FieldName="MandDistributionAppDisregard"></PlanData>
      <PlanData FieldName="InServDistrHardshipSHAll"></PlanData>
      <PlanData FieldName="InServDistrHardshipSHElect"></PlanData>
      <PlanData FieldName="InServDistrHardshipSHSimple"></PlanData>
      <PlanData FieldName="QualifiedReservDistrElect"></PlanData>
      <PlanData FieldName="DistribSeveranceEmployAllContr"></PlanData>
      <PlanData FieldName="YOSVestPY12"></PlanData>
      <PlanData FieldName="YOSVestPY"></PlanData>
      <PlanData FieldName="YOSVestExclNoERPlan"></PlanData>
      <PlanData FieldName="AgeOther">18</PlanData>
      <PlanData FieldName="ConsecMonthsServReq">6</PlanData>
      <PlanData FieldName="AgeOtherAllContr"></PlanData>
      <PlanData FieldName="ConsecMonthsServReqAllContr"></PlanData>
      <PlanData FieldName="ForfeitAddNonElect"></PlanData>
      <PlanData FieldName="ForfeitReduceNonElect"></PlanData>
      <PlanData FieldName="ForfeitPlanExpense"></PlanData>
      <PlanData FieldName="ForfeitAddNonElectNonElect"></PlanData>
      <PlanData FieldName="ForfeitReduceNonElectNonElect"></PlanData>
      <PlanData FieldName="ForfeitPlanExpenseNonElect"></PlanData>
      <PlanData FieldName="ExceptEEPartTempSeasAllContr"></PlanData>
      <PlanData FieldName="InPlanRothTransfer"></PlanData>
      <PlanData FieldName="InPlanRothTransf_AllAcct"></PlanData>
      <PlanData FieldName="InPlanRothTransf_LimitsNo"></PlanData>
      <PlanData FieldName="InPlanRothTransferAmendment"></PlanData>
      <PlanData FieldName="1stAdoptEROriginalEffDate">January 1, 2011</PlanData>
      <PlanData FieldName="2ndAdoptEROriginalEffDate">January 1, 2011</PlanData>
      <PlanData FieldName="LeadER"></PlanData>
      <PlanData FieldName="COLA2018Y">2018</PlanData>
      <PlanData FieldName="COLA2018AnnualCompLimit">275,000</PlanData>
      <PlanData FieldName="COLA2018_415DollarLimit">55,000</PlanData>
      <PlanData FieldName="COLA2018Reg401kDefLimit">18,500</PlanData>
      <PlanData FieldName="COLA2018Reg401kCatchUpLimit">6,000</PlanData>
    </Plan_Common_Data>
  </Plan_Data>
</Relius_Admin_Doc_Link>