﻿<?xml version="1.0" encoding="utf-8"?>
<Relius_Admin_Doc_Link Version="1.0">
  <Plan_Data>
    <Documents_Specific_Data>
      <!--Data Shared From RD-->
      <ProductId>13553</ProductId>
      <ProductName>Vol Submitter 401(k)</ProductName>
      <ProductVersion>6.0</ProductVersion>
      <ProjectId>{723129D1-1A56-4C97-8CEF-9660ADF26EE8}</ProjectId>
      <ProjectName>LignoTech Florida LLC</ProjectName>
      <FileLocation></FileLocation>
    </Documents_Specific_Data>
    <Admin_Specific_Data>
      <!--Data Shared From RA-->
    </Admin_Specific_Data>
    <Employer_Common_Data>
      <!--Employer Data Common to both RA and RD-->
      <CompanyName>LignoTech Florida LLC</CompanyName>
      <StreetAddress>6 Gum Street</StreetAddress>
      <CityAddress>Fernandina Beach</CityAddress>
      <StateAddress>FL</StateAddress>
      <ZipAddress>32034</ZipAddress>
      <PhoneNumber>(715) 355-3607</PhoneNumber>
      <EmployerIdentificationNumber>47-5392438</EmployerIdentificationNumber>
    </Employer_Common_Data>
    <Plan_Common_Data>
      <!--General Data Common to Both-->
      <PlanData FieldName="PlanNameA">LignoTech Florida LLC 401(k) Plan </PlanData>
      <PlanData FieldName="ProdPPAPPDVolSub4k"></PlanData>
      <PlanData FieldName="FooterSponsorName">Wipfli LLP</PlanData>
      <PlanData FieldName="SelectIndiv"></PlanData>
      <PlanData FieldName="YAA"></PlanData>
      <PlanData FieldName="DiscrTrustee"></PlanData>
      <PlanData FieldName="EEEligSameExclAllContr"></PlanData>
      <PlanData FieldName="415Comp"></PlanData>
      <PlanData FieldName="CompAdjSameAllContr"></PlanData>
      <PlanData FieldName="LimitYRPYDec31"></PlanData>
      <PlanData FieldName="NewTrust"></PlanData>
      <PlanData FieldName="HOSActual"></PlanData>
      <PlanData FieldName="ElecServCreditNA"></PlanData>
      <PlanData FieldName="EligCondSameAllContr"></PlanData>
      <PlanData FieldName="YOSOtherMethMain"></PlanData>
      <PlanData FieldName="YOSEligCompPer"></PlanData>
      <PlanData FieldName="BrksServNA"></PlanData>
      <PlanData FieldName="ForfeitAllocApplyContr"></PlanData>
      <PlanData FieldName="NRA">65</PlanData>
      <PlanData FieldName="VestingMain"></PlanData>
      <PlanData FieldName="YOSVestMain"></PlanData>
      <PlanData FieldName="YOSVestExclNA"></PlanData>
      <PlanData FieldName="ValTrustDateDaily"></PlanData>
      <PlanData FieldName="MasterPlanSponAddress">3703 Oakwood Hills Parkway</PlanData>
      <PlanData FieldName="MasterPlanSponPhone">(715) 832-3407</PlanData>
      <PlanData FieldName="MasterPlanSponName">Wipfli LLP</PlanData>
      <PlanData FieldName="MasterPlanSponCity">Eau Claire</PlanData>
      <PlanData FieldName="MasterPlanSponState">WI</PlanData>
      <PlanData FieldName="MasterPlanSponZip">54701</PlanData>
      <PlanData FieldName="YNAPrintBlank"></PlanData>
      <PlanData FieldName="YesSPDHeaderOrFooter"></PlanData>
      <PlanData FieldName="TrusteeNameA">Paul J. Hendricks</PlanData>
      <PlanData FieldName="401kAmntDefContr"></PlanData>
      <PlanData FieldName="ContrTypeERMatchContr"></PlanData>
      <PlanData FieldName="ContrTypeERNonElect"></PlanData>
      <PlanData FieldName="AllocNonIntgForm"></PlanData>
      <PlanData FieldName="ReleaseDate"></PlanData>
      <PlanData FieldName="PreEntryCompPartComp"></PlanData>
      <PlanData FieldName="EligCompPerPY"></PlanData>
      <PlanData FieldName="AutoDefDoNotApply"></PlanData>
      <PlanData FieldName="ERMCFixed"></PlanData>
      <PlanData FieldName="QMACNotApplicable"></PlanData>
      <PlanData FieldName="AllocCond"></PlanData>
      <PlanData FieldName="AccBalImmed"></PlanData>
      <PlanData FieldName="YInServDistr"></PlanData>
      <PlanData FieldName="PayMethLmpSum"></PlanData>
      <PlanData FieldName="PayMethAdHoc"></PlanData>
      <PlanData FieldName="AnnuitDistrExclJSAPS"></PlanData>
      <PlanData FieldName="AllEarnDaily"></PlanData>
      <PlanData FieldName="AllEarnNA"></PlanData>
      <PlanData FieldName="PlanNumOther">001</PlanData>
      <PlanData FieldName="EmployerNameA">LignoTech Florida LLC</PlanData>
      <PlanData FieldName="EmployerStreet">6 Gum Street</PlanData>
      <PlanData FieldName="EmployerCity">Fernandina Beach</PlanData>
      <PlanData FieldName="EmployerState">Florida</PlanData>
      <PlanData FieldName="EmployerZip">32034</PlanData>
      <PlanData FieldName="EmployerPhone">(715) 355-3607</PlanData>
      <PlanData FieldName="EmployerTaxableYear">December 31</PlanData>
      <PlanData FieldName="EmployerEIN">47-5392438</PlanData>
      <PlanData FieldName="EmployerEmail">paul.hendricks@borregaard.com</PlanData>
      <PlanData FieldName="AffimDeferNoAutoEscalatn"></PlanData>
      <PlanData FieldName="FirstDayPYNextFolowing"></PlanData>
      <PlanData FieldName="AdoptAgreeNum">003</PlanData>
      <PlanData FieldName="BasicPlanDocNum">08</PlanData>
      <PlanData FieldName="CatchupContributionsMatch"></PlanData>
      <PlanData FieldName="PlanExpDistrTermAmt">75; plus $50 for a second distribution related to the Roth Account</PlanData>
      <PlanData FieldName="PlanExpLoans"></PlanData>
      <PlanData FieldName="PlanExpQDROAmt">500</PlanData>
      <PlanData FieldName="PlanExpInSvcDistrAmt">75; plus $50 for a second distribution related to the Roth Account</PlanData>
      <PlanData FieldName="PlanExpRMDAmt">75</PlanData>
      <PlanData FieldName="PlanExpLoanApplFee">150</PlanData>
      <PlanData FieldName="PlanExpLoanAnnualMaintFee">75</PlanData>
      <PlanData FieldName="DisabilityDescribe">Disability as defined by the Social Security Administration</PlanData>
      <PlanData FieldName="1stDayPYQrtr"></PlanData>
      <PlanData FieldName="ElectDeferLimitNone"></PlanData>
      <PlanData FieldName="CODADoNotApply"></PlanData>
      <PlanData FieldName="ERDiscrPSOpen"></PlanData>
      <PlanData FieldName="QNECNotApplicable"></PlanData>
      <PlanData FieldName="AllocCondTotalWaive"></PlanData>
      <PlanData FieldName="AllocCondTotalWaiveDoNotApply"></PlanData>
      <PlanData FieldName="TestElecNonDiscr"></PlanData>
      <PlanData FieldName="ERANotApplicable"></PlanData>
      <PlanData FieldName="TestElecNonDiscrTrad"></PlanData>
      <PlanData FieldName="VstApplies"></PlanData>
      <PlanData FieldName="MandDistribution"></PlanData>
      <PlanData FieldName="MandDistributionLimit"></PlanData>
      <PlanData FieldName="InServDistrNoAdd"></PlanData>
      <PlanData FieldName="415CompAllContr"></PlanData>
      <PlanData FieldName="HOSActualAll"></PlanData>
      <PlanData FieldName="1stDayPYQrtrAllContr"></PlanData>
      <PlanData FieldName="AccBalImmedMandatory"></PlanData>
      <PlanData FieldName="AccBalImmedReqConsent"></PlanData>
      <PlanData FieldName="AllEarnDailyAllContr"></PlanData>
      <PlanData FieldName="FirstDayPYNextFolowingAllContr"></PlanData>
      <PlanData FieldName="CatchupContributionsMatchAll"></PlanData>
      <PlanData FieldName="AllocCondNone"></PlanData>
      <PlanData FieldName="AllocCondLastDayofPY"></PlanData>
      <PlanData FieldName="AllocCondElapTimeMeth"></PlanData>
      <PlanData FieldName="AllocCondNoneMatch"></PlanData>
      <PlanData FieldName="AllocCondLastDayofPYNonElect"></PlanData>
      <PlanData FieldName="AllocCondElapTimeMethNonElect"></PlanData>
      <PlanData FieldName="InServDistrDisability"></PlanData>
      <PlanData FieldName="InServDistrAge"></PlanData>
      <PlanData FieldName="DistribSeveranceEmployYes"></PlanData>
      <PlanData FieldName="QualifiedReservistDistribution"></PlanData>
      <PlanData FieldName="InServDistrDisabilityAllContr"></PlanData>
      <PlanData FieldName="AllEarnNAAllContr"></PlanData>
      <PlanData FieldName="ValTrustDateDailyAllContr"></PlanData>
      <PlanData FieldName="SpecialEffDateNA"></PlanData>
      <PlanData FieldName="ERMCFixedUniformMatch">50%</PlanData>
      <PlanData FieldName="TestElecNonDiscrTradCYADP"></PlanData>
      <PlanData FieldName="VestTopHvy3YRCliff"></PlanData>
      <PlanData FieldName="VestTopHvy3YRCliffAllContr"></PlanData>
      <PlanData FieldName="AnnuitDistrExclJSAPS1YR"></PlanData>
      <PlanData FieldName="AnnuitDistrExclJSAPS1YRNotAppl"></PlanData>
      <PlanData FieldName="YLongQASPD"></PlanData>
      <PlanData FieldName="YPAG"></PlanData>
      <PlanData FieldName="YIndex"></PlanData>
      <PlanData FieldName="YAdmin"></PlanData>
      <PlanData FieldName="YQDIANotice"></PlanData>
      <PlanData FieldName="YCorp"></PlanData>
      <PlanData FieldName="YShortQASPD"></PlanData>
      <PlanData FieldName="GeneralForms"></PlanData>
      <PlanData FieldName="LoanForms"></PlanData>
      <PlanData FieldName="IncludeFollowingForms"></PlanData>
      <PlanData FieldName="PlanExpSpecificParticipantYes"></PlanData>
      <PlanData FieldName="AppendixRollover"></PlanData>
      <PlanData FieldName="QDIACharacter"></PlanData>
      <PlanData FieldName="QDIADescription"></PlanData>
      <PlanData FieldName="QDIACharacterInvest">Please see QDIA notice</PlanData>
      <PlanData FieldName="QDIACharacterRisk">Please see QDIA notice</PlanData>
      <PlanData FieldName="QDIACharacterFees">Please refer to the annual fee disclosure for fees and expenses related to the Plan.</PlanData>
      <PlanData FieldName="QDIADescriptionFrequency">any day the Plan's investment provider systems are available for access</PlanData>
      <PlanData FieldName="QDIADescriptionFees">No restriction fees or expenses will apply, unless otherwise described in your enrollment materials or similar disclosures where investment transfers are described in general.</PlanData>
      <PlanData FieldName="PlanLoansPermittedToPolicy"></PlanData>
      <PlanData FieldName="ParticipantDirInvPerm"></PlanData>
      <PlanData FieldName="ParticDirInvPermAcc"></PlanData>
      <PlanData FieldName="ParticDirInvPermRest"></PlanData>
      <PlanData FieldName="ParticDirInvPermERISA"></PlanData>
      <PlanData FieldName="ParticDirInvPermQDIA"></PlanData>
      <PlanData FieldName="ParticDirInvPermAccAllAccounts"></PlanData>
      <PlanData FieldName="ParticDirInvPermRestNone"></PlanData>
      <PlanData FieldName="ParticDirInvPermERISAApplies"></PlanData>
      <PlanData FieldName="QDIAYes"></PlanData>
      <PlanData FieldName="RolloverContrPermit"></PlanData>
      <PlanData FieldName="RolloverContrPermitWho"></PlanData>
      <PlanData FieldName="RolloverContrPermitSource"></PlanData>
      <PlanData FieldName="RolloverContrPermitWhoEligible"></PlanData>
      <PlanData FieldName="RolloverContrPermitSourceAll"></PlanData>
      <PlanData FieldName="PlanExpensesPlanPays"></PlanData>
      <PlanData FieldName="RelatPartEmployerRelat"></PlanData>
      <PlanData FieldName="RelatPartEmployerPart"></PlanData>
      <PlanData FieldName="RelatPartEmployerForm"></PlanData>
      <PlanData FieldName="MultipleEmployerPlanStatus"></PlanData>
      <PlanData FieldName="RelatPartEmployerRelatNone"></PlanData>
      <PlanData FieldName="RelatPartEmployerPartNone"></PlanData>
      <PlanData FieldName="RelatPartEmployerFormNone"></PlanData>
      <PlanData FieldName="TopHvyMinMultPlanNA"></PlanData>
      <PlanData FieldName="SelfEmplParticipantNotApply"></PlanData>
      <PlanData FieldName="ProtectedBenefitsNotApply"></PlanData>
      <PlanData FieldName="NLifeIns"></PlanData>
      <PlanData FieldName="PlanLoansBorrower"></PlanData>
      <PlanData FieldName="PlanLoansLimit"></PlanData>
      <PlanData FieldName="PlanLoansBorrowerNoInvestigate"></PlanData>
      <PlanData FieldName="PlanLoansLimitMinimum"></PlanData>
      <PlanData FieldName="PlanLoansLimitMaximum">one</PlanData>
      <PlanData FieldName="PlanLoansLimitRefin"></PlanData>
      <PlanData FieldName="PlanLoansLimitPurpose"></PlanData>
      <PlanData FieldName="PlanLoansLimitAccount"></PlanData>
      <PlanData FieldName="PlanLoansLimitRefinNotPermit"></PlanData>
      <PlanData FieldName="PlanLoansLimitPurposeAny"></PlanData>
      <PlanData FieldName="PlanLoansLimitAccountPlanAdmn"></PlanData>
      <PlanData FieldName="PlanLoansTerms"></PlanData>
      <PlanData FieldName="PlanLoansTermsInterest"></PlanData>
      <PlanData FieldName="PlanLoansTermsHome"></PlanData>
      <PlanData FieldName="PlanLoansTermsTrust"></PlanData>
      <PlanData FieldName="PlanLoansTermsCharges"></PlanData>
      <PlanData FieldName="PlanLoansTermsAcceler"></PlanData>
      <PlanData FieldName="PlanLoansTermsLeave"></PlanData>
      <PlanData FieldName="PlanLoansDefault"></PlanData>
      <PlanData FieldName="PlanLoansDefaultMaximum"></PlanData>
      <PlanData FieldName="PlanLoansDefaultNoNew"></PlanData>
      <PlanData FieldName="PlanLoansDefaultNoNewCurrPrior"></PlanData>
      <PlanData FieldName="PlanLoansTermsInterestFillIn">Wall Street Prime Rate plus 1</PlanData>
      <PlanData FieldName="PlanLoansTermsHomeYears">15</PlanData>
      <PlanData FieldName="PlanLoansTermsTrustDirected"></PlanData>
      <PlanData FieldName="PlanLoansTermsChargesBorrow"></PlanData>
      <PlanData FieldName="PlanLoansTermsAccelerSepar"></PlanData>
      <PlanData FieldName="PlanLoansTermsAccelerPlanTerm"></PlanData>
      <PlanData FieldName="PlanLoansTermsLeaveMil"></PlanData>
      <PlanData FieldName="PlanLoansTermsLeaveNoMil"></PlanData>
      <PlanData FieldName="PlanLoansTermsLeaveMilSusp"></PlanData>
      <PlanData FieldName="PlanLoansTermsLeaveNoMilSusp"></PlanData>
      <PlanData FieldName="PlanExpAppendixGeneral"></PlanData>
      <PlanData FieldName="PlanExpAppendixCharges"></PlanData>
      <PlanData FieldName="PlanExpAppendixGeneralUse"></PlanData>
      <PlanData FieldName="PlanExpAppendixFollows"></PlanData>
      <PlanData FieldName="MandDistributionLimit5000"></PlanData>
      <PlanData FieldName="BasicPlanDocNameA">Wipfli LLP Defined Contribution Volume Submitter Plan and Trust</PlanData>
      <PlanData FieldName="FooterForSPDTitlePage"></PlanData>
      <PlanData FieldName="FooterNameForSPDTitlePage">Updated January 1, 2021</PlanData>
      <PlanData FieldName="TrusteeNameADiscretion"></PlanData>
      <PlanData FieldName="DistrCashProp"></PlanData>
      <PlanData FieldName="EmployerSecuritiesNA"></PlanData>
      <PlanData FieldName="AllocCondSuspend"></PlanData>
      <PlanData FieldName="AllocCondSuspendApplies"></PlanData>
      <PlanData FieldName="AllocCondSuspendAppliesNonElec"></PlanData>
      <PlanData FieldName="NAffilGrp"></PlanData>
      <PlanData FieldName="NControlGrp"></PlanData>
      <PlanData FieldName="NAMultipleEmployerPlan"></PlanData>
      <PlanData FieldName="YOSOtherMeth">1,000</PlanData>
      <PlanData FieldName="YOSVest">1,000</PlanData>
      <PlanData FieldName="NAMultipleEmployerStatusPlan"></PlanData>
      <PlanData FieldName="EmployerAddressTelephone"></PlanData>
      <PlanData FieldName="AdminChecklistDate">January 1, 2018</PlanData>
      <PlanData FieldName="QDIAType"></PlanData>
      <PlanData FieldName="QDIATypeLife"></PlanData>
      <PlanData FieldName="QDIAMultiplePrimaryDescInv">Vanguard Target Date Retirement Series</PlanData>
      <PlanData FieldName="SHNPlanYearsBeginOn">January 1, 2021</PlanData>
      <PlanData FieldName="WordForWord"></PlanData>
      <PlanData FieldName="LimitYRLYPY"></PlanData>
      <PlanData FieldName="InitialEffectiveDate">2018-01-01</PlanData>
      <PlanData FieldName="RothYes"></PlanData>
      <PlanData FieldName="ExceptEENonResAliens"></PlanData>
      <PlanData FieldName="ExceptEEClassDescribe">The Plan excludes employees on temporary assignment from a foreign affiliate of the Company from all contributions.</PlanData>
      <PlanData FieldName="ExceptEENonResAliensAllContr"></PlanData>
      <PlanData FieldName="InPlanRothRolloverNo"></PlanData>
      <PlanData FieldName="TestElecNonDiscrTradCYACP"></PlanData>
      <PlanData FieldName="415RegPosSevCompDefaultApplAll"></PlanData>
      <PlanData FieldName="PreEntryCompPartCompAllContr"></PlanData>
      <PlanData FieldName="BenDistribTimeBenElect"></PlanData>
      <PlanData FieldName="MandDistributionApp"></PlanData>
      <PlanData FieldName="MandDistributionAmount"></PlanData>
      <PlanData FieldName="MandDistributionAmountExceeds"></PlanData>
      <PlanData FieldName="MandDistributionAppDisregard"></PlanData>
      <PlanData FieldName="InServDistrAge59Must">59 1/2</PlanData>
      <PlanData FieldName="InServDistrAge59MustAllContr"></PlanData>
      <PlanData FieldName="QualifiedReservDistrElect"></PlanData>
      <PlanData FieldName="DistribSeveranceEmployAllContr"></PlanData>
      <PlanData FieldName="YOSVestPY12"></PlanData>
      <PlanData FieldName="YOSVestPY"></PlanData>
      <PlanData FieldName="CompAdjExclFringeBen"></PlanData>
      <PlanData FieldName="CompAdjExclBon"></PlanData>
      <PlanData FieldName="CompAdjExclComm"></PlanData>
      <PlanData FieldName="CompAdjExclFringeBenAllContr"></PlanData>
      <PlanData FieldName="CompAdjExclBonAllContr"></PlanData>
      <PlanData FieldName="CompAdjExclCommAllContr"></PlanData>
      <PlanData FieldName="AgeOther">21</PlanData>
      <PlanData FieldName="HOSServReq">500</PlanData>
      <PlanData FieldName="AgeOtherAllContr"></PlanData>
      <PlanData FieldName="HOSReqOtherPeriod">6 month</PlanData>
      <PlanData FieldName="HOSServReqAllContr"></PlanData>
      <PlanData FieldName="ForfeitMatch"></PlanData>
      <PlanData FieldName="ForfeitMatchAll"></PlanData>
      <PlanData FieldName="BasicPlanOverRideDist"></PlanData>
      <PlanData FieldName="BasicPlanOverRideDistReplace">1,000</PlanData>
      <PlanData FieldName="BenDistribMeth"></PlanData>
      <PlanData FieldName="ERMCFixedUniformLimitDef">6%</PlanData>
      <PlanData FieldName="ERMCFixedUniformApplyPay"></PlanData>
      <PlanData FieldName="BenDistribMethOverRide"></PlanData>
      <PlanData FieldName="BenDistribMethLumpSum"></PlanData>
      <PlanData FieldName="BenDistribMethAdHoc"></PlanData>
      <PlanData FieldName="COLA2018Y">2021</PlanData>
      <PlanData FieldName="COLA2018AnnualCompLimit">290,000</PlanData>
      <PlanData FieldName="COLA2018_415DollarLimit">58,000</PlanData>
      <PlanData FieldName="COLA2018Reg401kDefLimit">19,500</PlanData>
      <PlanData FieldName="COLA2018Reg401kCatchUpLimit">6,500</PlanData>
    </Plan_Common_Data>
  </Plan_Data>
</Relius_Admin_Doc_Link>