﻿<?xml version="1.0" encoding="utf-8"?>
<Relius_Admin_Doc_Link Version="1.0">
  <Plan_Data>
    <Documents_Specific_Data>
      <!--Data Shared From RD-->
      <ProductId>7862</ProductId>
      <ProductName>Vol Submitter 401(k)</ProductName>
      <ProductVersion>10.0</ProductVersion>
      <ProjectId>{a9e189df-4062-4b57-9020-e548614b2bd5}</ProjectId>
      <ProjectName>Meyer Manufacturing Corporatio</ProjectName>
      <FileLocation></FileLocation>
    </Documents_Specific_Data>
    <Admin_Specific_Data>
      <!--Data Shared From RA-->
    </Admin_Specific_Data>
    <Employer_Common_Data>
      <!--Employer Data Common to both RA and RD-->
      <CompanyName>Meyer Manufacturing Corporation</CompanyName>
      <StreetAddress>PO Box 405</StreetAddress>
      <CityAddress>Dorchester</CityAddress>
      <StateAddress>WI</StateAddress>
      <ZipAddress>54425</ZipAddress>
      <PhoneNumber>715-654-5132</PhoneNumber>
      <EmployerIdentificationNumber>39-1025530</EmployerIdentificationNumber>
    </Employer_Common_Data>
    <Plan_Common_Data>
      <!--General Data Common to Both-->
      <PlanData FieldName="PlanNameA">Meyer Manufacturing Corporation 401(k) Profit Sharing Plan &amp; Trust </PlanData>
      <PlanData FieldName="ProdPPAPPDVolSub4k"></PlanData>
      <PlanData FieldName="FooterSponsorName">Wipfli LLP</PlanData>
      <PlanData FieldName="SelectIndiv"></PlanData>
      <PlanData FieldName="YAA"></PlanData>
      <PlanData FieldName="TrustEIN">39-6167700</PlanData>
      <PlanData FieldName="DiscrTrustee"></PlanData>
      <PlanData FieldName="EEEligSameExclAllContr"></PlanData>
      <PlanData FieldName="415Comp"></PlanData>
      <PlanData FieldName="CompAdjSameAllContr"></PlanData>
      <PlanData FieldName="LimitYRPYDec31"></PlanData>
      <PlanData FieldName="AmendRestate"></PlanData>
      <PlanData FieldName="HOSActual"></PlanData>
      <PlanData FieldName="ElecServCreditNA"></PlanData>
      <PlanData FieldName="EligCondSameAllContr"></PlanData>
      <PlanData FieldName="YOSOtherMethMain"></PlanData>
      <PlanData FieldName="YOSEligCompPer"></PlanData>
      <PlanData FieldName="BrksServNA"></PlanData>
      <PlanData FieldName="ForfeitAllocApplyContr"></PlanData>
      <PlanData FieldName="NRA">59 1/2</PlanData>
      <PlanData FieldName="VestingMain"></PlanData>
      <PlanData FieldName="YOSVestMain"></PlanData>
      <PlanData FieldName="YOSVestExclNA"></PlanData>
      <PlanData FieldName="ValTrustDateDaily"></PlanData>
      <PlanData FieldName="MasterPlanSponAddress">3703 Oakwood Hills Parkway</PlanData>
      <PlanData FieldName="MasterPlanSponPhone">(715) 832-3407</PlanData>
      <PlanData FieldName="MasterPlanSponName">Wipfli LLP</PlanData>
      <PlanData FieldName="MasterPlanSponCity">Eau Claire</PlanData>
      <PlanData FieldName="MasterPlanSponState">WI</PlanData>
      <PlanData FieldName="MasterPlanSponZip">54701</PlanData>
      <PlanData FieldName="YNAPrintBlank"></PlanData>
      <PlanData FieldName="YesSPDHeaderOrFooter"></PlanData>
      <PlanData FieldName="Y2ndAdoptER"></PlanData>
      <PlanData FieldName="N3rdAdoptER"></PlanData>
      <PlanData FieldName="TrusteeNameA">Judy A. Meyer</PlanData>
      <PlanData FieldName="TrusteeNameB">Larry A. Meyer</PlanData>
      <PlanData FieldName="TrusteeNameC">Donald A. Meyer</PlanData>
      <PlanData FieldName="401kAmntDefContr"></PlanData>
      <PlanData FieldName="ContrTypeERNonElect"></PlanData>
      <PlanData FieldName="ContrType401kSafeHarb"></PlanData>
      <PlanData FieldName="AllocNonIntgForm"></PlanData>
      <PlanData FieldName="ReleaseDate"></PlanData>
      <PlanData FieldName="PreEntryCompPartComp"></PlanData>
      <PlanData FieldName="EligCompPerPY"></PlanData>
      <PlanData FieldName="AutoDefDoNotApply"></PlanData>
      <PlanData FieldName="AllocCond"></PlanData>
      <PlanData FieldName="AccBalImmed"></PlanData>
      <PlanData FieldName="YInServDistr"></PlanData>
      <PlanData FieldName="PayMethLmpSum"></PlanData>
      <PlanData FieldName="PayMethInstall"></PlanData>
      <PlanData FieldName="PayMethAdHoc"></PlanData>
      <PlanData FieldName="AnnuitDistrExclJSAPS"></PlanData>
      <PlanData FieldName="AllEarnDaily"></PlanData>
      <PlanData FieldName="AllEarnNA"></PlanData>
      <PlanData FieldName="PlanNumOther">001</PlanData>
      <PlanData FieldName="EmployerNameA">Meyer Manufacturing Corporation</PlanData>
      <PlanData FieldName="EmployerStreet">PO Box 405</PlanData>
      <PlanData FieldName="EmployerCity">Dorchester</PlanData>
      <PlanData FieldName="EmployerState">Wisconsin</PlanData>
      <PlanData FieldName="EmployerZip">54425</PlanData>
      <PlanData FieldName="EmployerPhone">715-654-5132</PlanData>
      <PlanData FieldName="EmployerTaxableYear">December 31</PlanData>
      <PlanData FieldName="EmployerEIN">39-1025530</PlanData>
      <PlanData FieldName="EmployerEmail">jmeyer@meyermfg.com</PlanData>
      <PlanData FieldName="AffimDeferNoAutoEscalatn"></PlanData>
      <PlanData FieldName="FirstDayPYNextFolowing"></PlanData>
      <PlanData FieldName="AdoptAgreeNum">003</PlanData>
      <PlanData FieldName="BasicPlanDocNum">08</PlanData>
      <PlanData FieldName="CatchupContributionsMatch"></PlanData>
      <PlanData FieldName="PlanExpDistrTermAmt">75; plus $50 for a second distribution related to the Roth Account</PlanData>
      <PlanData FieldName="PlanExpInstallDistrAmt">75; plus $50 for a second distribution related to the Roth Account</PlanData>
      <PlanData FieldName="PlanExpQDROAmt">400</PlanData>
      <PlanData FieldName="PlanExpHardshipDistrAmt">75</PlanData>
      <PlanData FieldName="PlanExpInSvcDistrAmt">75; plus $50 for a second distribution related to the Roth Account</PlanData>
      <PlanData FieldName="PlanExpOther1">$150 per In-Plan Roth Transfer (Conversion)</PlanData>
      <PlanData FieldName="DisabilityDescribe">Must qualify for disability benefits under the Social Security Administration</PlanData>
      <PlanData FieldName="1stDayMonth"></PlanData>
      <PlanData FieldName="ElectDeferLimitNone"></PlanData>
      <PlanData FieldName="CODADoNotApply"></PlanData>
      <PlanData FieldName="ERDiscrPSOpen"></PlanData>
      <PlanData FieldName="ERPSRelated"></PlanData>
      <PlanData FieldName="QNECNotApplicable"></PlanData>
      <PlanData FieldName="SafeHarbContrEnhncd"></PlanData>
      <PlanData FieldName="AllocCondTotalWaive"></PlanData>
      <PlanData FieldName="AllocCondTotalWaiveDoNotApply"></PlanData>
      <PlanData FieldName="TestElecNonDiscr"></PlanData>
      <PlanData FieldName="ERANotApplicable"></PlanData>
      <PlanData FieldName="TestElec401kSafeHarb"></PlanData>
      <PlanData FieldName="VstApplies"></PlanData>
      <PlanData FieldName="MandDistribution"></PlanData>
      <PlanData FieldName="MandDistributionLimit"></PlanData>
      <PlanData FieldName="InServDistrAdd"></PlanData>
      <PlanData FieldName="UnifPerc">100</PlanData>
      <PlanData FieldName="415CompAllContr"></PlanData>
      <PlanData FieldName="HOSActualAll"></PlanData>
      <PlanData FieldName="1stDayMonthAllContr"></PlanData>
      <PlanData FieldName="TestElecNonDiscrSafeNoTest"></PlanData>
      <PlanData FieldName="AccBalImmedMandatory"></PlanData>
      <PlanData FieldName="AccBalImmedReqConsent"></PlanData>
      <PlanData FieldName="InServDistrAddVest"></PlanData>
      <PlanData FieldName="InServDistrAddDescribe">The additional limitations indicated above do not apply to distributions for deemed severance of employment, but the amount of the distribution may not exceed the vested amount in the distributing account.</PlanData>
      <PlanData FieldName="AllEarnDailyAllContr"></PlanData>
      <PlanData FieldName="FirstDayPYNextFolowingAllContr"></PlanData>
      <PlanData FieldName="CatchupContributionsMatchAll"></PlanData>
      <PlanData FieldName="ERPSRelatedAll"></PlanData>
      <PlanData FieldName="UnifPercExc">6</PlanData>
      <PlanData FieldName="AllocCondLastDayofPY"></PlanData>
      <PlanData FieldName="AllocCondElapTimeMeth"></PlanData>
      <PlanData FieldName="AllocCondLastDayofPYNonElect"></PlanData>
      <PlanData FieldName="AllocCondElapTimeMethNonElect"></PlanData>
      <PlanData FieldName="InServDistrDisability"></PlanData>
      <PlanData FieldName="InServDistrAge"></PlanData>
      <PlanData FieldName="DistribSeveranceEmployYes"></PlanData>
      <PlanData FieldName="InServDistrHardship"></PlanData>
      <PlanData FieldName="QualifiedReservistDistribution"></PlanData>
      <PlanData FieldName="InServDistrDisabilityAllContr"></PlanData>
      <PlanData FieldName="AllEarnNAAllContr"></PlanData>
      <PlanData FieldName="ValTrustDateDailyAllContr"></PlanData>
      <PlanData FieldName="SpecialEffDateNA"></PlanData>
      <PlanData FieldName="VestTopHvy6YRGrade"></PlanData>
      <PlanData FieldName="VestTopHvy6YRGradeAllContr"></PlanData>
      <PlanData FieldName="AllocRelated"></PlanData>
      <PlanData FieldName="AllocRelatedAlloc"></PlanData>
      <PlanData FieldName="AllocRelatedAllocAll"></PlanData>
      <PlanData FieldName="InServDistrAddVest100"></PlanData>
      <PlanData FieldName="InServDistrAddVest100NoHrdship"></PlanData>
      <PlanData FieldName="AnnuitDistrExclJSAPS1YR"></PlanData>
      <PlanData FieldName="AnnuitDistrExclJSAPS1YRNotAppl"></PlanData>
      <PlanData FieldName="YLongQASPD"></PlanData>
      <PlanData FieldName="YSafeHarborNotice"></PlanData>
      <PlanData FieldName="SpecialTaxNoticeYes"></PlanData>
      <PlanData FieldName="YPAG"></PlanData>
      <PlanData FieldName="YIndex"></PlanData>
      <PlanData FieldName="YAdmin"></PlanData>
      <PlanData FieldName="YQDIANotice"></PlanData>
      <PlanData FieldName="YCorp"></PlanData>
      <PlanData FieldName="YShortQASPD"></PlanData>
      <PlanData FieldName="GeneralForms"></PlanData>
      <PlanData FieldName="IncludeFollowingForms"></PlanData>
      <PlanData FieldName="PlanExpSpecificParticipantYes"></PlanData>
      <PlanData FieldName="1stAdoptERName">Meyer Manufacturing Corporation</PlanData>
      <PlanData FieldName="1stAdoptERStreet">PO Box 405</PlanData>
      <PlanData FieldName="1stAdoptERPhone">715-654-5132</PlanData>
      <PlanData FieldName="1stAdoptEIN">39-1025530</PlanData>
      <PlanData FieldName="1stAdoptFiscalYear">December 31</PlanData>
      <PlanData FieldName="1stAdoptERCity">Dorchester</PlanData>
      <PlanData FieldName="1stAdoptERState">Wisconsin</PlanData>
      <PlanData FieldName="1stAdoptERZip">54425</PlanData>
      <PlanData FieldName="1stAdoptEREffDate"></PlanData>
      <PlanData FieldName="1stAdoptERSpecDates"></PlanData>
      <PlanData FieldName="QDIACharacter"></PlanData>
      <PlanData FieldName="QDIADescription"></PlanData>
      <PlanData FieldName="QDIACharacterInvest">See notice details</PlanData>
      <PlanData FieldName="QDIACharacterRisk">See notice details</PlanData>
      <PlanData FieldName="QDIACharacterFees">Please refer to the annual fee disclosure for fees &amp; expenses related to the plan.</PlanData>
      <PlanData FieldName="QDIADescriptionFrequency">any day the Plans investment provider systems are available for access.</PlanData>
      <PlanData FieldName="QDIADescriptionFees">No restriction fees or expenses will apply, unless otherwise described in your enrollment materials or similar disclosures where investment transfers are described in general.</PlanData>
      <PlanData FieldName="PlanLoansNone"></PlanData>
      <PlanData FieldName="ParticipantDirInvPerm"></PlanData>
      <PlanData FieldName="ParticDirInvPermAcc"></PlanData>
      <PlanData FieldName="ParticDirInvPermRest"></PlanData>
      <PlanData FieldName="ParticDirInvPermERISA"></PlanData>
      <PlanData FieldName="ParticDirInvPermQDIA"></PlanData>
      <PlanData FieldName="ParticDirInvPermAccAllAccounts"></PlanData>
      <PlanData FieldName="ParticDirInvPermRestNone"></PlanData>
      <PlanData FieldName="ParticDirInvPermERISAApplies"></PlanData>
      <PlanData FieldName="QDIAYes"></PlanData>
      <PlanData FieldName="RolloverContrPermit"></PlanData>
      <PlanData FieldName="RolloverContrPermitWho"></PlanData>
      <PlanData FieldName="RolloverContrPermitSource"></PlanData>
      <PlanData FieldName="RolloverContrPermitWhoEligible"></PlanData>
      <PlanData FieldName="RolloverContrPermitSourceAll"></PlanData>
      <PlanData FieldName="PlanExpensesPlanPays"></PlanData>
      <PlanData FieldName="RelatPartEmployerRelat"></PlanData>
      <PlanData FieldName="RelatPartEmployerPart"></PlanData>
      <PlanData FieldName="RelatPartEmployerForm"></PlanData>
      <PlanData FieldName="MultipleEmployerPlanStatus"></PlanData>
      <PlanData FieldName="RelatPartEmployerRelatNone"></PlanData>
      <PlanData FieldName="RelatPartEmployerPartNone"></PlanData>
      <PlanData FieldName="RelatPartEmployerFormNone"></PlanData>
      <PlanData FieldName="TopHvyMinMultPlanNA"></PlanData>
      <PlanData FieldName="SelfEmplParticipantNotApply"></PlanData>
      <PlanData FieldName="ProtectedBenefitsNotApply"></PlanData>
      <PlanData FieldName="NLifeIns"></PlanData>
      <PlanData FieldName="Y1stAdoptER"></PlanData>
      <PlanData FieldName="ParticipatingEmployerSPD"></PlanData>
      <PlanData FieldName="YesParticipatingEmployer"></PlanData>
      <PlanData FieldName="PlanExpAppendixGeneral"></PlanData>
      <PlanData FieldName="PlanExpAppendixCharges"></PlanData>
      <PlanData FieldName="PlanExpAppendixGeneralCombin"></PlanData>
      <PlanData FieldName="PlanExpAppendixFollows"></PlanData>
      <PlanData FieldName="MandDistributionLimit5000"></PlanData>
      <PlanData FieldName="1stAdoptERSpecDatesNone"></PlanData>
      <PlanData FieldName="2ndAdoptEREffDate"></PlanData>
      <PlanData FieldName="2ndAdoptERSpecDates"></PlanData>
      <PlanData FieldName="2ndAdoptERSpecDatesNone"></PlanData>
      <PlanData FieldName="2ndAdoptERPhone">715-654-5211</PlanData>
      <PlanData FieldName="2ndAdoptEIN">94-3479184</PlanData>
      <PlanData FieldName="2ndAdoptFiscalYear">December 31</PlanData>
      <PlanData FieldName="2ndAdoptERName">Meyer Buildings, Inc.</PlanData>
      <PlanData FieldName="2ndAdoptERStreet">444 W First Ave</PlanData>
      <PlanData FieldName="2ndAdoptERZip">54425</PlanData>
      <PlanData FieldName="2ndAdoptERCity">Dorchester</PlanData>
      <PlanData FieldName="2ndAdoptERState">Wisconsin</PlanData>
      <PlanData FieldName="BasicPlanDocNameA">Wipfli LLP Defined Contribution Volume Submitter Plan and Trust</PlanData>
      <PlanData FieldName="FooterForSPDTitlePage"></PlanData>
      <PlanData FieldName="FooterNameForSPDTitlePage">Updated January 1, 2021</PlanData>
      <PlanData FieldName="TrusteeNameADiscretion"></PlanData>
      <PlanData FieldName="TrusteeNameBDiscretion"></PlanData>
      <PlanData FieldName="TrusteeNameCDiscretion"></PlanData>
      <PlanData FieldName="DistrCashProp"></PlanData>
      <PlanData FieldName="SafeHarbContrAdd"></PlanData>
      <PlanData FieldName="SafeHarbContrAddNoMatch"></PlanData>
      <PlanData FieldName="EmployerSecuritiesNA"></PlanData>
      <PlanData FieldName="1stAdoptERRestate"></PlanData>
      <PlanData FieldName="1stAdoptERRestateDate">January 1, 2015</PlanData>
      <PlanData FieldName="2ndAdoptERRestate"></PlanData>
      <PlanData FieldName="2ndAdoptERRestateDate">January 1, 2015</PlanData>
      <PlanData FieldName="AllocCondSuspend"></PlanData>
      <PlanData FieldName="AllocCondSuspendApplies"></PlanData>
      <PlanData FieldName="AllocCondSuspendAppliesNonElec"></PlanData>
      <PlanData FieldName="NAffilGrp"></PlanData>
      <PlanData FieldName="NControlGrp"></PlanData>
      <PlanData FieldName="MultiEmployerPlanApplies">January 1, 2011</PlanData>
      <PlanData FieldName="YOSOtherMeth">1,000</PlanData>
      <PlanData FieldName="YOSVest">1,000</PlanData>
      <PlanData FieldName="YESMultipleEmployerStatusPlan"></PlanData>
      <PlanData FieldName="NameOfParticipatingEmployers">Meyer Buildings, Inc.</PlanData>
      <PlanData FieldName="EmployerAddressTelephone"></PlanData>
      <PlanData FieldName="AdminChecklistDate">January 1, 2015</PlanData>
      <PlanData FieldName="QDIAType"></PlanData>
      <PlanData FieldName="QDIATypeLife"></PlanData>
      <PlanData FieldName="QDIAMultiplePrimaryDescInv">Vanguard Target Date Retirement Series</PlanData>
      <PlanData FieldName="SHNPlanYearsBeginOn">January 1, 2021</PlanData>
      <PlanData FieldName="WordForWord"></PlanData>
      <PlanData FieldName="LimitYRLYPY"></PlanData>
      <PlanData FieldName="InitialEffectiveDate">1975-07-01</PlanData>
      <PlanData FieldName="MergePlanEffDate">January 1, 2015</PlanData>
      <PlanData FieldName="PPARestate"></PlanData>
      <PlanData FieldName="RothYes"></PlanData>
      <PlanData FieldName="ExceptEEUnion"></PlanData>
      <PlanData FieldName="ExceptEENonResAliens"></PlanData>
      <PlanData FieldName="ExceptEEUnionAllContr"></PlanData>
      <PlanData FieldName="ExceptEENonResAliensAllContr"></PlanData>
      <PlanData FieldName="AllocRelatedSharing"></PlanData>
      <PlanData FieldName="AllocRelatedSharingEmployer"></PlanData>
      <PlanData FieldName="SafeHarbContrEnhncdTime">the Plan Year</PlanData>
      <PlanData FieldName="SafeHarbContrPossible"></PlanData>
      <PlanData FieldName="SafeHarbContrPossibleApplies"></PlanData>
      <PlanData FieldName="InPlanRothRolloverNo"></PlanData>
      <PlanData FieldName="415RegPosSevCompDefaultApplAll"></PlanData>
      <PlanData FieldName="PreEntryCompPartCompAllContr"></PlanData>
      <PlanData FieldName="BenDistribTimeImmed"></PlanData>
      <PlanData FieldName="MandDistributionApp"></PlanData>
      <PlanData FieldName="MandDistributionAmount"></PlanData>
      <PlanData FieldName="MandDistributionAmountExceeds"></PlanData>
      <PlanData FieldName="MandDistributionAppDisregard"></PlanData>
      <PlanData FieldName="InServDistrAge59Must">59 1/2</PlanData>
      <PlanData FieldName="InServDistrAge59MustAllContr"></PlanData>
      <PlanData FieldName="InServDistrHardshipSHAll"></PlanData>
      <PlanData FieldName="InServDistrHardshipSHElect"></PlanData>
      <PlanData FieldName="QualifiedReservDistrElect"></PlanData>
      <PlanData FieldName="DistribSeveranceEmployAllContr"></PlanData>
      <PlanData FieldName="YOSVestPY12"></PlanData>
      <PlanData FieldName="YOSVestPY"></PlanData>
      <PlanData FieldName="CompAdjExclFringeBen"></PlanData>
      <PlanData FieldName="CompAdjExclFringeBenAllContr"></PlanData>
      <PlanData FieldName="AgeOther">18</PlanData>
      <PlanData FieldName="OtherServReq">An employee is eligible for the plan 60 days after date of hire for all contributions under the plan.</PlanData>
      <PlanData FieldName="AgeOtherAllContr"></PlanData>
      <PlanData FieldName="ForfeitAddNonElect"></PlanData>
      <PlanData FieldName="ForfeitReduceNonElect"></PlanData>
      <PlanData FieldName="ForfeitPlanExpense"></PlanData>
      <PlanData FieldName="ForfeitAddNonElectAll"></PlanData>
      <PlanData FieldName="ForfeitReduceNonElectAll"></PlanData>
      <PlanData FieldName="ForfeitPlanExpenseAll"></PlanData>
      <PlanData FieldName="BasicPlanOverRideDist"></PlanData>
      <PlanData FieldName="BasicPlanOverRideDistRMD"></PlanData>
      <PlanData FieldName="BenDistribMeth"></PlanData>
      <PlanData FieldName="BasicPlanOverRideWRERARMD"></PlanData>
      <PlanData FieldName="2009RMDandExtended2009RMD"></PlanData>
      <PlanData FieldName="InPlanRothTransferDate">January 1, 2015</PlanData>
      <PlanData FieldName="InPlanRothTransfer"></PlanData>
      <PlanData FieldName="InclHardshipProvisions"></PlanData>
      <PlanData FieldName="InPlanRothTransf_AllAcct"></PlanData>
      <PlanData FieldName="InPlanRothTransf_LimitsYes"></PlanData>
      <PlanData FieldName="InPlanRothTransf_LimitsMinAmt">1,000</PlanData>
      <PlanData FieldName="InPlanRothTransf_LimitsMaxPY">2</PlanData>
      <PlanData FieldName="BenDistribMethOverRide"></PlanData>
      <PlanData FieldName="BenDistribMethLumpSum"></PlanData>
      <PlanData FieldName="BenDistribMethInstall"></PlanData>
      <PlanData FieldName="BenDistribMethAdHoc"></PlanData>
      <PlanData FieldName="InPlanRothTransferAmendment"></PlanData>
      <PlanData FieldName="1stAdoptEROriginalEffDate">July 1, 1975</PlanData>
      <PlanData FieldName="2ndAdoptEROriginalEffDate">July 29, 1974</PlanData>
      <PlanData FieldName="LeadER"></PlanData>
      <PlanData FieldName="ModHardshipSourcesEffDate">January 1, 2019</PlanData>
      <PlanData FieldName="COLA2020AnnualCompLimit">290,000</PlanData>
      <PlanData FieldName="COLA2020_415DollarLimit">58,000</PlanData>
      <PlanData FieldName="COLA2020Reg401kDefLimit">19,500</PlanData>
      <PlanData FieldName="COLA2020Reg401kCatchUpLimit">6,500</PlanData>
      <PlanData FieldName="COLA2020Y">2021</PlanData>
    </Plan_Common_Data>
  </Plan_Data>
</Relius_Admin_Doc_Link>