﻿<?xml version="1.0" encoding="utf-8"?>
<Relius_Admin_Doc_Link Version="1.0">
  <Plan_Data>
    <Documents_Specific_Data>
      <!--Data Shared From RD-->
      <ProductId>26152</ProductId>
      <ProductName>Vol Submitter 401(k)</ProductName>
      <ProductVersion>1.0</ProductVersion>
      <ProjectId>{CBE20388-12AC-42C3-BE51-DE079E274BD1}</ProjectId>
      <ProjectName>Northport Marine LLC</ProjectName>
      <FileLocation></FileLocation>
    </Documents_Specific_Data>
    <Admin_Specific_Data>
      <!--Data Shared From RA-->
    </Admin_Specific_Data>
    <Employer_Common_Data>
      <!--Employer Data Common to both RA and RD-->
      <CompanyName>Northport Marine, LLC</CompanyName>
      <StreetAddress>39 N Harding Avenue</StreetAddress>
      <CityAddress>Gillett</CityAddress>
      <StateAddress>WI</StateAddress>
      <ZipAddress>54124</ZipAddress>
      <PhoneNumber>920-855-2168</PhoneNumber>
      <EmployerIdentificationNumber>45-4353700</EmployerIdentificationNumber>
    </Employer_Common_Data>
    <Plan_Common_Data>
      <!--General Data Common to Both-->
      <PlanData FieldName="PlanNameA">Northport Marine, LLC 401(k) Plan </PlanData>
      <PlanData FieldName="ProdPPAPPDVolSub4k"></PlanData>
      <PlanData FieldName="FooterSponsorName">Wipfli LLP</PlanData>
      <PlanData FieldName="SelectIndiv"></PlanData>
      <PlanData FieldName="YAA"></PlanData>
      <PlanData FieldName="DiscrTrustee"></PlanData>
      <PlanData FieldName="EEEligReq"></PlanData>
      <PlanData FieldName="415Comp"></PlanData>
      <PlanData FieldName="CompAdjSameAllContr"></PlanData>
      <PlanData FieldName="LimitYRPYDec31"></PlanData>
      <PlanData FieldName="NewTrust"></PlanData>
      <PlanData FieldName="HOSActual"></PlanData>
      <PlanData FieldName="ElecServCreditNA"></PlanData>
      <PlanData FieldName="EligCondSameAllContr"></PlanData>
      <PlanData FieldName="YOSOtherMethMain"></PlanData>
      <PlanData FieldName="YOSEligCompPer"></PlanData>
      <PlanData FieldName="BrksServNA"></PlanData>
      <PlanData FieldName="ForfeitAllocApplyContr"></PlanData>
      <PlanData FieldName="NRA">65</PlanData>
      <PlanData FieldName="VestingMain"></PlanData>
      <PlanData FieldName="YOSVestMain"></PlanData>
      <PlanData FieldName="YOSVestExclNA"></PlanData>
      <PlanData FieldName="ValTrustDateNA"></PlanData>
      <PlanData FieldName="MasterPlanSponAddress">3703 Oakwood Hills Parkway</PlanData>
      <PlanData FieldName="MasterPlanSponPhone">(715) 832-3407</PlanData>
      <PlanData FieldName="MasterPlanSponName">Wipfli LLP</PlanData>
      <PlanData FieldName="MasterPlanSponCity">Eau Claire</PlanData>
      <PlanData FieldName="MasterPlanSponState">WI</PlanData>
      <PlanData FieldName="MasterPlanSponZip">54701</PlanData>
      <PlanData FieldName="YNAPrintBlank"></PlanData>
      <PlanData FieldName="YesSPDHeaderOrFooter"></PlanData>
      <PlanData FieldName="TrusteeNameA">Jason Blazek</PlanData>
      <PlanData FieldName="TrusteeNameB">Michael Belongia</PlanData>
      <PlanData FieldName="TrusteeNameC">Tim Allen</PlanData>
      <PlanData FieldName="TrusteeNameD">Tage Klein</PlanData>
      <PlanData FieldName="401kAmntDefContr"></PlanData>
      <PlanData FieldName="ContrTypeERNonElect"></PlanData>
      <PlanData FieldName="ContrType401kSafeHarb"></PlanData>
      <PlanData FieldName="AllocNonIntgForm"></PlanData>
      <PlanData FieldName="ReleaseDate"></PlanData>
      <PlanData FieldName="PreEntryCompPartComp"></PlanData>
      <PlanData FieldName="EligCompPerPY"></PlanData>
      <PlanData FieldName="AutoDefDoNotApply"></PlanData>
      <PlanData FieldName="AllocCond"></PlanData>
      <PlanData FieldName="AccBalImmed"></PlanData>
      <PlanData FieldName="YInServDistr"></PlanData>
      <PlanData FieldName="PayMethLmpSum"></PlanData>
      <PlanData FieldName="PayMethInstallReqMin"></PlanData>
      <PlanData FieldName="PayMethAdHoc"></PlanData>
      <PlanData FieldName="AnnuitDistrExclJSAPS"></PlanData>
      <PlanData FieldName="AllEarnDaily"></PlanData>
      <PlanData FieldName="PlanNumOther">001</PlanData>
      <PlanData FieldName="EmployerNameA">Northport Marine, LLC</PlanData>
      <PlanData FieldName="EmployerStreet">39 N Harding Avenue</PlanData>
      <PlanData FieldName="EmployerCity">Gillett</PlanData>
      <PlanData FieldName="EmployerState">Wisconsin</PlanData>
      <PlanData FieldName="EmployerZip">54124</PlanData>
      <PlanData FieldName="EmployerPhone">920-855-2168</PlanData>
      <PlanData FieldName="EmployerTaxableYear">12/31</PlanData>
      <PlanData FieldName="EmployerEIN">45-4353700</PlanData>
      <PlanData FieldName="AffimDeferNoAutoEscalatn"></PlanData>
      <PlanData FieldName="FirstDayPYNextFolowing"></PlanData>
      <PlanData FieldName="AdoptAgreeNum">003</PlanData>
      <PlanData FieldName="BasicPlanDocNum">08</PlanData>
      <PlanData FieldName="CatchupContributionsMatch"></PlanData>
      <PlanData FieldName="ExecAASections">6, 24, 25, 30, 38, Appendix A</PlanData>
      <PlanData FieldName="ExecEffective">January 1, 2018</PlanData>
      <PlanData FieldName="ExecAAPageNum">3,14,19,20,21,23,24,25, Appendix A</PlanData>
      <PlanData FieldName="DisabilityDescribe">Disability as defined by the Social Security Administration</PlanData>
      <PlanData FieldName="SpecEligEffDateWaiverAfterAge">18</PlanData>
      <PlanData FieldName="SpecEligEffDateWaiverAfterDate">12/31/2014</PlanData>
      <PlanData FieldName="1stDay7thMonth"></PlanData>
      <PlanData FieldName="ElectDeferLimitNone"></PlanData>
      <PlanData FieldName="CODADoNotApply"></PlanData>
      <PlanData FieldName="ERDiscrPSOpen"></PlanData>
      <PlanData FieldName="QNECNotApplicable"></PlanData>
      <PlanData FieldName="SafeHarbContrMC"></PlanData>
      <PlanData FieldName="SafeHarbContrMCTime">each payroll period</PlanData>
      <PlanData FieldName="AllocCondTotalWaive"></PlanData>
      <PlanData FieldName="AllocCondTotalWaiveDoNotApply"></PlanData>
      <PlanData FieldName="TestElecNonDiscr"></PlanData>
      <PlanData FieldName="ERANotApplicable"></PlanData>
      <PlanData FieldName="TestElec401kSafeHarb"></PlanData>
      <PlanData FieldName="VstApplies"></PlanData>
      <PlanData FieldName="MandDistribution"></PlanData>
      <PlanData FieldName="MandDistributionLimit"></PlanData>
      <PlanData FieldName="InServDistrNoAdd"></PlanData>
      <PlanData FieldName="415CompAllContr"></PlanData>
      <PlanData FieldName="HOSActualAll"></PlanData>
      <PlanData FieldName="1stDay7thMonthAllContr"></PlanData>
      <PlanData FieldName="TestElecNonDiscrSafeNoTest"></PlanData>
      <PlanData FieldName="AccBalImmedMandatory"></PlanData>
      <PlanData FieldName="AccBalImmedReqConsent"></PlanData>
      <PlanData FieldName="AllEarnDailyAllContr"></PlanData>
      <PlanData FieldName="FirstDayPYNextFolowingAllContr"></PlanData>
      <PlanData FieldName="CatchupContributionsMatchAll"></PlanData>
      <PlanData FieldName="AllocCondLastDayofPY"></PlanData>
      <PlanData FieldName="AllocCondElapTimeMeth"></PlanData>
      <PlanData FieldName="AllocCondLastDayofPYNonElect"></PlanData>
      <PlanData FieldName="AllocCondElapTimeMethNonElect"></PlanData>
      <PlanData FieldName="InServDistrDisability"></PlanData>
      <PlanData FieldName="InServDistrAge"></PlanData>
      <PlanData FieldName="DistribSeveranceEmployYes"></PlanData>
      <PlanData FieldName="InServDistrHardship"></PlanData>
      <PlanData FieldName="QualifiedReservistDistribution"></PlanData>
      <PlanData FieldName="InServDistrDisabilityAllContr"></PlanData>
      <PlanData FieldName="ValTrustDateNAAllContr"></PlanData>
      <PlanData FieldName="SpecialEffDateContrTypeDate">January 1, 2018</PlanData>
      <PlanData FieldName="SpecialEffDateContrType">.1e</PlanData>
      <PlanData FieldName="SpecialEffDateTesting">2a</PlanData>
      <PlanData FieldName="SpecialEffDateSafe">c</PlanData>
      <PlanData FieldName="VestModTopHvy"></PlanData>
      <PlanData FieldName="SpecialEffDateTestingDate">January 1, 2018</PlanData>
      <PlanData FieldName="AnnuitDistrExclJSAPS1YR"></PlanData>
      <PlanData FieldName="AnnuitDistrExclJSAPS1YRNotAppl"></PlanData>
      <PlanData FieldName="YLongQASPD"></PlanData>
      <PlanData FieldName="YSafeHarborNotice"></PlanData>
      <PlanData FieldName="YIndex"></PlanData>
      <PlanData FieldName="YAdmin"></PlanData>
      <PlanData FieldName="YQDIANotice"></PlanData>
      <PlanData FieldName="YCorp"></PlanData>
      <PlanData FieldName="YShortQASPD"></PlanData>
      <PlanData FieldName="GeneralForms"></PlanData>
      <PlanData FieldName="QDIACharacter"></PlanData>
      <PlanData FieldName="QDIADescription"></PlanData>
      <PlanData FieldName="QDIACharacterInvest">A prospectus may be obtained for any registered fund by going to www.jhpensions.com. The prospectus
contains information about the funds, including the investment objectives, risks, charges, and other expenses.</PlanData>
      <PlanData FieldName="QDIACharacterRisk">Your account will be invested in the target date that most closely approximates your
65th birthday. All registered funds are available by prospectus only.</PlanData>
      <PlanData FieldName="QDIACharacterFees">Fee/expense information is available in the prospectus.</PlanData>
      <PlanData FieldName="QDIADescriptionFrequency">at any time</PlanData>
      <PlanData FieldName="QDIADescriptionFees">See prospectus</PlanData>
      <PlanData FieldName="PlanLoansNone"></PlanData>
      <PlanData FieldName="ParticipantDirInvPerm"></PlanData>
      <PlanData FieldName="ParticDirInvPermAcc"></PlanData>
      <PlanData FieldName="ParticDirInvPermRest"></PlanData>
      <PlanData FieldName="ParticDirInvPermERISA"></PlanData>
      <PlanData FieldName="ParticDirInvPermQDIA"></PlanData>
      <PlanData FieldName="ParticDirInvPermAccAllAccounts"></PlanData>
      <PlanData FieldName="ParticDirInvPermRestNone"></PlanData>
      <PlanData FieldName="ParticDirInvPermERISAApplies"></PlanData>
      <PlanData FieldName="QDIAYes"></PlanData>
      <PlanData FieldName="RolloverContrPermit"></PlanData>
      <PlanData FieldName="RolloverContrPermitWho"></PlanData>
      <PlanData FieldName="RolloverContrPermitSource"></PlanData>
      <PlanData FieldName="RolloverContrPermitWhoEligible"></PlanData>
      <PlanData FieldName="RolloverContrPermitSourceAll"></PlanData>
      <PlanData FieldName="PlanExpensesEmployerPays"></PlanData>
      <PlanData FieldName="RelatPartEmployerRelat"></PlanData>
      <PlanData FieldName="RelatPartEmployerPart"></PlanData>
      <PlanData FieldName="RelatPartEmployerForm"></PlanData>
      <PlanData FieldName="MultipleEmployerPlanStatus"></PlanData>
      <PlanData FieldName="RelatPartEmployerRelatNone"></PlanData>
      <PlanData FieldName="RelatPartEmployerPartNone"></PlanData>
      <PlanData FieldName="RelatPartEmployerFormNone"></PlanData>
      <PlanData FieldName="TopHvyMinMultPlanNA"></PlanData>
      <PlanData FieldName="SelfEmplParticipantApplies"></PlanData>
      <PlanData FieldName="ProtectedBenefitsNotApply"></PlanData>
      <PlanData FieldName="NLifeIns"></PlanData>
      <PlanData FieldName="MandDistributionLimit5000"></PlanData>
      <PlanData FieldName="BasicPlanDocNameA">Wipfli LLP Defined Contribution Volume Submitter Plan and Trust</PlanData>
      <PlanData FieldName="FooterForSPD">January 1, 2018</PlanData>
      <PlanData FieldName="TrusteeNameADiscretion"></PlanData>
      <PlanData FieldName="TrusteeNameBDiscretion"></PlanData>
      <PlanData FieldName="TrusteeNameCDiscretion"></PlanData>
      <PlanData FieldName="TrusteeNameDDiscretion"></PlanData>
      <PlanData FieldName="DistrCashProp"></PlanData>
      <PlanData FieldName="SafeHarbContrAdd"></PlanData>
      <PlanData FieldName="SafeHarbContrAddNoMatch"></PlanData>
      <PlanData FieldName="SpecialEffDateSafeDate">January 1, 2018</PlanData>
      <PlanData FieldName="VestModTopHvyAllContr"></PlanData>
      <PlanData FieldName="EmployerSecuritiesNA"></PlanData>
      <PlanData FieldName="AllocCondSuspend"></PlanData>
      <PlanData FieldName="AllocCondSuspendAppliesNo"></PlanData>
      <PlanData FieldName="NAffilGrp"></PlanData>
      <PlanData FieldName="NControlGrp"></PlanData>
      <PlanData FieldName="NAMultipleEmployerPlan"></PlanData>
      <PlanData FieldName="YOSOtherMeth">1,000</PlanData>
      <PlanData FieldName="YOSVest">1,000</PlanData>
      <PlanData FieldName="NAMultipleEmployerStatusPlan"></PlanData>
      <PlanData FieldName="EmployerAddressTelephone"></PlanData>
      <PlanData FieldName="AdminChecklistDate">January 2018</PlanData>
      <PlanData FieldName="QDIAType"></PlanData>
      <PlanData FieldName="QDIATypeLife"></PlanData>
      <PlanData FieldName="QDIAMultiplePrimaryDescInv">John Hancock Retirement Through-Managed Portfolios</PlanData>
      <PlanData FieldName="SHNPlanYearsBeginOn">January 1, 2018</PlanData>
      <PlanData FieldName="WordForWord"></PlanData>
      <PlanData FieldName="LimitYRLYPY"></PlanData>
      <PlanData FieldName="InitialEffectiveDate">2015-01-01</PlanData>
      <PlanData FieldName="RothYes"></PlanData>
      <PlanData FieldName="SafeHarbContrPossible"></PlanData>
      <PlanData FieldName="SafeHarbContrPossibleApplies"></PlanData>
      <PlanData FieldName="InPlanRothRolloverNo"></PlanData>
      <PlanData FieldName="415RegPosSevAdjSameAllContr"></PlanData>
      <PlanData FieldName="Final415RegExcDefComp"></PlanData>
      <PlanData FieldName="415RegExclDefCompAllContr"></PlanData>
      <PlanData FieldName="PreEntryCompPartCompAllContr"></PlanData>
      <PlanData FieldName="BenDistribTimeBenElect"></PlanData>
      <PlanData FieldName="MandDistributionApp"></PlanData>
      <PlanData FieldName="MandDistributionAmount"></PlanData>
      <PlanData FieldName="MandDistributionAmountExceeds"></PlanData>
      <PlanData FieldName="MandDistributionAppDisregard"></PlanData>
      <PlanData FieldName="InServDistrAge59Must">59 1/2</PlanData>
      <PlanData FieldName="InServDistrAge59MustAllContr"></PlanData>
      <PlanData FieldName="InServDistrHardshipSHAll"></PlanData>
      <PlanData FieldName="InServDistrHardshipSHElect"></PlanData>
      <PlanData FieldName="InServDistrHardshipSHMatch"></PlanData>
      <PlanData FieldName="InServDistrHardshipSHSimple"></PlanData>
      <PlanData FieldName="QualifiedReservDistrElect"></PlanData>
      <PlanData FieldName="DistribSeveranceEmployAllContr"></PlanData>
      <PlanData FieldName="YOSVestPY12"></PlanData>
      <PlanData FieldName="YOSVestPY"></PlanData>
      <PlanData FieldName="CompAdjExclFringeBen"></PlanData>
      <PlanData FieldName="CompAdjExclFringeBenAllContr"></PlanData>
      <PlanData FieldName="AgeOther">18</PlanData>
      <PlanData FieldName="YRServReq"></PlanData>
      <PlanData FieldName="AgeOtherAllContr"></PlanData>
      <PlanData FieldName="YRServReqAllContr"></PlanData>
      <PlanData FieldName="ForfeitAddNonElect"></PlanData>
      <PlanData FieldName="ForfeitReduceNonElect"></PlanData>
      <PlanData FieldName="ForfeitPlanExpense"></PlanData>
      <PlanData FieldName="ForfeitAddNonElectAll"></PlanData>
      <PlanData FieldName="ForfeitReduceNonElectAll"></PlanData>
      <PlanData FieldName="ForfeitPlanExpenseAll"></PlanData>
      <PlanData FieldName="TopHvyLess1">0</PlanData>
      <PlanData FieldName="TopHvy1">20</PlanData>
      <PlanData FieldName="TopHvy2">40</PlanData>
      <PlanData FieldName="TopHvy3">60</PlanData>
      <PlanData FieldName="TopHvy4">80</PlanData>
      <PlanData FieldName="TopHvy5">100</PlanData>
      <PlanData FieldName="COLA2015Y">2018</PlanData>
      <PlanData FieldName="COLA2015Reg401kCatchUpLimit">6,000</PlanData>
      <PlanData FieldName="COLA2015AnnualCompLimit">275,000</PlanData>
      <PlanData FieldName="COLA2015_415DollarLimit">55,000</PlanData>
      <PlanData FieldName="COLA2015Reg401kDefLimit">18,500</PlanData>
      <PlanData FieldName="InPlanRothTransferDate">1/1/2015</PlanData>
      <PlanData FieldName="InPlanRothTransfer"></PlanData>
      <PlanData FieldName="InPlanRothTransf_AllAcct"></PlanData>
      <PlanData FieldName="InPlanRothTransf_LimitsNo"></PlanData>
      <PlanData FieldName="InPlanRothTransferAmendment"></PlanData>
    </Plan_Common_Data>
  </Plan_Data>
</Relius_Admin_Doc_Link>