﻿<?xml version="1.0" encoding="utf-8"?>
<Relius_Admin_Doc_Link Version="1.0">
  <Plan_Data>
    <Documents_Specific_Data>
      <!--Data Shared From RD-->
      <ProductId>13553</ProductId>
      <ProductName>Vol Submitter 401(k)</ProductName>
      <ProductVersion>6.0</ProductVersion>
      <ProjectId>{3AA87D4B-E0FF-410F-A43B-C2206645913C}</ProjectId>
      <ProjectName>Scotty Gear Retail Corp. 401k</ProjectName>
      <FileLocation></FileLocation>
    </Documents_Specific_Data>
    <Admin_Specific_Data>
      <!--Data Shared From RA-->
    </Admin_Specific_Data>
    <Employer_Common_Data>
      <!--Employer Data Common to both RA and RD-->
      <CompanyName>Scotty Gear Retail Corp.</CompanyName>
      <StreetAddress>1225 Carnegie Street, Suite 102</StreetAddress>
      <CityAddress>Rolling Meadows</CityAddress>
      <StateAddress>IL</StateAddress>
      <ZipAddress>60008</ZipAddress>
      <PhoneNumber>(847) 796-6043</PhoneNumber>
      <EmployerIdentificationNumber>46-1603820</EmployerIdentificationNumber>
    </Employer_Common_Data>
    <Plan_Common_Data>
      <!--General Data Common to Both-->
      <PlanData FieldName="PlanNameA">Scotty Gear Retail Corp. 401(k) Profit Sharing Plan </PlanData>
      <PlanData FieldName="ProdPPAPPDVolSub4k"></PlanData>
      <PlanData FieldName="FooterSponsorName">Wipfli LLP</PlanData>
      <PlanData FieldName="SelectIndiv"></PlanData>
      <PlanData FieldName="YAA"></PlanData>
      <PlanData FieldName="DiscrTrustee"></PlanData>
      <PlanData FieldName="EEEligSameExclAllContr"></PlanData>
      <PlanData FieldName="415Comp"></PlanData>
      <PlanData FieldName="NACompAdj"></PlanData>
      <PlanData FieldName="LimitYRPYDec31"></PlanData>
      <PlanData FieldName="AmendRestate"></PlanData>
      <PlanData FieldName="HOSActual"></PlanData>
      <PlanData FieldName="ElecServCreditNA"></PlanData>
      <PlanData FieldName="EligCondSameAllContr"></PlanData>
      <PlanData FieldName="YOSOtherMethMain"></PlanData>
      <PlanData FieldName="YOSEligCompPer"></PlanData>
      <PlanData FieldName="BrksServNA"></PlanData>
      <PlanData FieldName="ForfeitAllocApplyContr"></PlanData>
      <PlanData FieldName="NRALater">62</PlanData>
      <PlanData FieldName="VestingMain"></PlanData>
      <PlanData FieldName="YOSVestMain"></PlanData>
      <PlanData FieldName="YOSVestExcl"></PlanData>
      <PlanData FieldName="ValTrustDateDaily"></PlanData>
      <PlanData FieldName="Anniv">5th</PlanData>
      <PlanData FieldName="MasterPlanSponAddress">3703 Oakwood Hills Parkway</PlanData>
      <PlanData FieldName="MasterPlanSponPhone">(715) 832-3407</PlanData>
      <PlanData FieldName="MasterPlanSponName">Wipfli LLP</PlanData>
      <PlanData FieldName="MasterPlanSponCity">Eau Claire</PlanData>
      <PlanData FieldName="MasterPlanSponState">WI</PlanData>
      <PlanData FieldName="MasterPlanSponZip">54701</PlanData>
      <PlanData FieldName="YNAPrintBlank"></PlanData>
      <PlanData FieldName="YesSPDHeaderOrFooter"></PlanData>
      <PlanData FieldName="TrusteeNameA">Joshua K. VanSwol</PlanData>
      <PlanData FieldName="TrusteeNameB">Joseph W. Stefani</PlanData>
      <PlanData FieldName="401kAmntDefContr"></PlanData>
      <PlanData FieldName="ContrTypeERNonElect"></PlanData>
      <PlanData FieldName="ContrType401kSafeHarb"></PlanData>
      <PlanData FieldName="AllocClass"></PlanData>
      <PlanData FieldName="ReleaseDate"></PlanData>
      <PlanData FieldName="PreEntryCompPartComp"></PlanData>
      <PlanData FieldName="EligCompPerPY"></PlanData>
      <PlanData FieldName="AutoDefDoNotApply"></PlanData>
      <PlanData FieldName="NoAllocCond"></PlanData>
      <PlanData FieldName="AccBalImmed"></PlanData>
      <PlanData FieldName="YInServDistr"></PlanData>
      <PlanData FieldName="PayMethLmpSum"></PlanData>
      <PlanData FieldName="PayMethInstallReqMin"></PlanData>
      <PlanData FieldName="AnnuitDistrExclJSAPS"></PlanData>
      <PlanData FieldName="AllEarnDaily"></PlanData>
      <PlanData FieldName="AllEarnNA"></PlanData>
      <PlanData FieldName="PlanNumOther">001</PlanData>
      <PlanData FieldName="EmployerNameA">Scotty Gear Retail Corp.</PlanData>
      <PlanData FieldName="EmployerStreet">1225 Carnegie Street, Suite 102</PlanData>
      <PlanData FieldName="EmployerCity">Rolling Meadows</PlanData>
      <PlanData FieldName="EmployerState">Illinois</PlanData>
      <PlanData FieldName="EmployerZip">60008</PlanData>
      <PlanData FieldName="EmployerPhone">(847) 796-6043</PlanData>
      <PlanData FieldName="EmployerTaxableYear">December 31</PlanData>
      <PlanData FieldName="EmployerEIN">46-1603820</PlanData>
      <PlanData FieldName="EmployerEmail">joe@desertcactus.com</PlanData>
      <PlanData FieldName="AffimDeferNoAutoEscalatn"></PlanData>
      <PlanData FieldName="FirstDayPYNextFolowing"></PlanData>
      <PlanData FieldName="AdoptAgreeNum">003</PlanData>
      <PlanData FieldName="BasicPlanDocNum">08</PlanData>
      <PlanData FieldName="CatchupContributionsMatch"></PlanData>
      <PlanData FieldName="PlanExpDistrTermAmt">75; plus $50 for a second distribution related to the Roth Account</PlanData>
      <PlanData FieldName="PlanExpQDROAmt">500</PlanData>
      <PlanData FieldName="PlanExpInSvcDistrAmt">75; plus $50 for a second distribution related to the Roth Account</PlanData>
      <PlanData FieldName="PlanExpRMDAmt">75</PlanData>
      <PlanData FieldName="PlanExpTerminatedParticipant">100</PlanData>
      <PlanData FieldName="DisabilityDescribe">must qualify for disability benefits under the Social Security Administration</PlanData>
      <PlanData FieldName="1stDay7thMonth"></PlanData>
      <PlanData FieldName="ElectDeferLimitNone"></PlanData>
      <PlanData FieldName="CODADoNotApply"></PlanData>
      <PlanData FieldName="ERDiscrPSOpen"></PlanData>
      <PlanData FieldName="DescriptionofClass"></PlanData>
      <PlanData FieldName="QNECNotApplicable"></PlanData>
      <PlanData FieldName="SafeHarbContrNonElect">3</PlanData>
      <PlanData FieldName="TestElecNonDiscr"></PlanData>
      <PlanData FieldName="ERANotApplicable"></PlanData>
      <PlanData FieldName="TestElec401kSafeHarb"></PlanData>
      <PlanData FieldName="VstApplies"></PlanData>
      <PlanData FieldName="MandDistribution"></PlanData>
      <PlanData FieldName="MandDistributionLimit"></PlanData>
      <PlanData FieldName="InServDistrAdd"></PlanData>
      <PlanData FieldName="415CompAllContr"></PlanData>
      <PlanData FieldName="HOSActualAll"></PlanData>
      <PlanData FieldName="1stDay7thMonthAllContr"></PlanData>
      <PlanData FieldName="TestElecNonDiscrSafeNoTest"></PlanData>
      <PlanData FieldName="AccBalImmedMandatory"></PlanData>
      <PlanData FieldName="AccBalImmedReqConsent"></PlanData>
      <PlanData FieldName="InServDistrAddVest"></PlanData>
      <PlanData FieldName="AllEarnDailyAllContr"></PlanData>
      <PlanData FieldName="FirstDayPYNextFolowingAllContr"></PlanData>
      <PlanData FieldName="CatchupContributionsMatchAll"></PlanData>
      <PlanData FieldName="InServDistrAge"></PlanData>
      <PlanData FieldName="DistribSeveranceEmployYes"></PlanData>
      <PlanData FieldName="QualifiedReservistDistribution"></PlanData>
      <PlanData FieldName="AllEarnNAAllContr"></PlanData>
      <PlanData FieldName="ValTrustDateDailyAllContr"></PlanData>
      <PlanData FieldName="SpecialEffDateNA"></PlanData>
      <PlanData FieldName="VestTopHvy6YRGrade"></PlanData>
      <PlanData FieldName="VestTopHvy6YRGradeAllContr"></PlanData>
      <PlanData FieldName="InServDistrAddVest100NoHrdship"></PlanData>
      <PlanData FieldName="AnnuitDistrExclJSAPS1YR"></PlanData>
      <PlanData FieldName="AnnuitDistrExclJSAPS1YRNotAppl"></PlanData>
      <PlanData FieldName="YLongQASPD"></PlanData>
      <PlanData FieldName="YSafeHarborNotice"></PlanData>
      <PlanData FieldName="YPAG"></PlanData>
      <PlanData FieldName="YIndex"></PlanData>
      <PlanData FieldName="YAdmin"></PlanData>
      <PlanData FieldName="YQDIANotice"></PlanData>
      <PlanData FieldName="YCorp"></PlanData>
      <PlanData FieldName="YShortQASPD"></PlanData>
      <PlanData FieldName="GeneralForms"></PlanData>
      <PlanData FieldName="IncludeFollowingForms"></PlanData>
      <PlanData FieldName="PlanExpSpecificParticipantYes"></PlanData>
      <PlanData FieldName="PlanLoansNone"></PlanData>
      <PlanData FieldName="ParticipantDirInvPerm"></PlanData>
      <PlanData FieldName="ParticDirInvPermAcc"></PlanData>
      <PlanData FieldName="ParticDirInvPermRest"></PlanData>
      <PlanData FieldName="ParticDirInvPermERISA"></PlanData>
      <PlanData FieldName="ParticDirInvPermQDIA"></PlanData>
      <PlanData FieldName="ParticDirInvPermAccAllAccounts"></PlanData>
      <PlanData FieldName="ParticDirInvPermRestNone"></PlanData>
      <PlanData FieldName="ParticDirInvPermERISAApplies"></PlanData>
      <PlanData FieldName="QDIANo"></PlanData>
      <PlanData FieldName="RolloverContrPermit"></PlanData>
      <PlanData FieldName="RolloverContrPermitWho"></PlanData>
      <PlanData FieldName="RolloverContrPermitSource"></PlanData>
      <PlanData FieldName="RolloverContrPermitWhoEligible"></PlanData>
      <PlanData FieldName="RolloverContrPermitSourceAll"></PlanData>
      <PlanData FieldName="PlanExpensesPlanPays"></PlanData>
      <PlanData FieldName="RelatPartEmployerRelat"></PlanData>
      <PlanData FieldName="RelatPartEmployerPart"></PlanData>
      <PlanData FieldName="RelatPartEmployerForm"></PlanData>
      <PlanData FieldName="MultipleEmployerPlanStatus"></PlanData>
      <PlanData FieldName="RelatPartEmployerRelatNone"></PlanData>
      <PlanData FieldName="RelatPartEmployerPartNone"></PlanData>
      <PlanData FieldName="RelatPartEmployerFormNone"></PlanData>
      <PlanData FieldName="TopHvyMinMultPlanDB"></PlanData>
      <PlanData FieldName="TopHvyMinMultPlanDBThis"></PlanData>
      <PlanData FieldName="SelfEmplParticipantNotApply"></PlanData>
      <PlanData FieldName="ProtectedBenefitsNotApply"></PlanData>
      <PlanData FieldName="NLifeIns"></PlanData>
      <PlanData FieldName="PlanExpAppendixGeneral"></PlanData>
      <PlanData FieldName="PlanExpAppendixCharges"></PlanData>
      <PlanData FieldName="PlanExpAppendixGeneralCombin"></PlanData>
      <PlanData FieldName="PlanExpAppendixFollows"></PlanData>
      <PlanData FieldName="MandDistributionLimit5000"></PlanData>
      <PlanData FieldName="BasicPlanDocNameA">Wipfli LLP Defined Contribution Volume Submitter Plan and Trust</PlanData>
      <PlanData FieldName="FooterForSPDTitlePage"></PlanData>
      <PlanData FieldName="FooterNameForSPDTitlePage">Updated June 1, 2020</PlanData>
      <PlanData FieldName="TrusteeNameADiscretion"></PlanData>
      <PlanData FieldName="TrusteeNameBDiscretion"></PlanData>
      <PlanData FieldName="DistrCashProp"></PlanData>
      <PlanData FieldName="SafeHarbContrAdd"></PlanData>
      <PlanData FieldName="SafeHarbContrAddNoMatch"></PlanData>
      <PlanData FieldName="EmployerSecuritiesNA"></PlanData>
      <PlanData FieldName="NAffilGrp"></PlanData>
      <PlanData FieldName="YControlGrp"></PlanData>
      <PlanData FieldName="NAMultipleEmployerPlan"></PlanData>
      <PlanData FieldName="AllocClassEach"></PlanData>
      <PlanData FieldName="YOSOtherMeth">1,000</PlanData>
      <PlanData FieldName="YOSVest">1,000</PlanData>
      <PlanData FieldName="NAMultipleEmployerStatusPlan"></PlanData>
      <PlanData FieldName="EmployerAddressTelephone"></PlanData>
      <PlanData FieldName="AdminChecklistDate">January 1, 2018</PlanData>
      <PlanData FieldName="SHNPlanYearsBeginOn">January 1, 2020</PlanData>
      <PlanData FieldName="WordForWord"></PlanData>
      <PlanData FieldName="LimitYRLYPY"></PlanData>
      <PlanData FieldName="InitialEffectiveDate">2015-01-01</PlanData>
      <PlanData FieldName="MergePlanEffDate">January 1, 2018</PlanData>
      <PlanData FieldName="PPARestate"></PlanData>
      <PlanData FieldName="RothYes"></PlanData>
      <PlanData FieldName="ExceptEEUnion"></PlanData>
      <PlanData FieldName="ExceptEENonResAliens"></PlanData>
      <PlanData FieldName="ExceptEEUnionAllContr"></PlanData>
      <PlanData FieldName="ExceptEENonResAliensAllContr"></PlanData>
      <PlanData FieldName="SafeHarbContrPossible"></PlanData>
      <PlanData FieldName="SafeHarbContrPossibleApplies"></PlanData>
      <PlanData FieldName="InPlanRothRolloverNo"></PlanData>
      <PlanData FieldName="415RegPosSevCompDefaultApplAll"></PlanData>
      <PlanData FieldName="PreEntryCompPartCompAllContr"></PlanData>
      <PlanData FieldName="BenDistribTimeBenElect"></PlanData>
      <PlanData FieldName="MandDistributionApp"></PlanData>
      <PlanData FieldName="MandDistributionAmount"></PlanData>
      <PlanData FieldName="MandDistributionAmountExceeds"></PlanData>
      <PlanData FieldName="MandDistributionAppDisregard"></PlanData>
      <PlanData FieldName="InServDistrAge59Must">59 1/2</PlanData>
      <PlanData FieldName="InServDistrAge59MustAllContr"></PlanData>
      <PlanData FieldName="QualifiedReservDistrElect"></PlanData>
      <PlanData FieldName="DistribSeveranceEmployAllContr"></PlanData>
      <PlanData FieldName="YOSVestPY12"></PlanData>
      <PlanData FieldName="YOSVestPY"></PlanData>
      <PlanData FieldName="YOSVestExclNoERPlan"></PlanData>
      <PlanData FieldName="AgeOther">21</PlanData>
      <PlanData FieldName="YRServReq"></PlanData>
      <PlanData FieldName="AgeOtherAllContr"></PlanData>
      <PlanData FieldName="YRServReqAllContr"></PlanData>
      <PlanData FieldName="ForfeitAddNonElect"></PlanData>
      <PlanData FieldName="ForfeitReduceNonElect"></PlanData>
      <PlanData FieldName="ForfeitPlanExpense"></PlanData>
      <PlanData FieldName="ForfeitAddNonElectAll"></PlanData>
      <PlanData FieldName="ForfeitReduceNonElectAll"></PlanData>
      <PlanData FieldName="ForfeitPlanExpenseAll"></PlanData>
      <PlanData FieldName="BasicPlanOverRideDist"></PlanData>
      <PlanData FieldName="BasicPlanOverRideDistReplace">1,000</PlanData>
      <PlanData FieldName="BenDistribMeth"></PlanData>
      <PlanData FieldName="InPlanRothTransferDate">January 1, 2018</PlanData>
      <PlanData FieldName="InPlanRothTransfer"></PlanData>
      <PlanData FieldName="InPlanRothTransf_AllAcct"></PlanData>
      <PlanData FieldName="InPlanRothTransf_LimitsNo"></PlanData>
      <PlanData FieldName="BenDistribMethOverRide"></PlanData>
      <PlanData FieldName="BenDistribMethLumpSum"></PlanData>
      <PlanData FieldName="InPlanRothTransferAmendment"></PlanData>
      <PlanData FieldName="COLA2018Y">2020</PlanData>
      <PlanData FieldName="COLA2018AnnualCompLimit">285,000</PlanData>
      <PlanData FieldName="COLA2018_415DollarLimit">57,000</PlanData>
      <PlanData FieldName="COLA2018Reg401kDefLimit">19,500</PlanData>
      <PlanData FieldName="COLA2018Reg401kCatchUpLimit">6,500</PlanData>
    </Plan_Common_Data>
  </Plan_Data>
</Relius_Admin_Doc_Link>