﻿<?xml version="1.0" encoding="utf-8"?>
<Relius_Admin_Doc_Link Version="1.0">
  <Plan_Data>
    <Documents_Specific_Data>
      <!--Data Shared From RD-->
      <ProductId>13553</ProductId>
      <ProductName>Vol Submitter 401(k)</ProductName>
      <ProductVersion>6.0</ProductVersion>
      <ProjectId>{111FAD77-3632-4C36-8B3C-D14FF921C516}</ProjectId>
      <ProjectName>The Morse Group, Inc. 401k</ProjectName>
      <FileLocation></FileLocation>
    </Documents_Specific_Data>
    <Admin_Specific_Data>
      <!--Data Shared From RA-->
    </Admin_Specific_Data>
    <Employer_Common_Data>
      <!--Employer Data Common to both RA and RD-->
      <CompanyName>The Morse Group, Inc.</CompanyName>
      <StreetAddress>500 West South Street</StreetAddress>
      <CityAddress>Freeport</CityAddress>
      <StateAddress>IL</StateAddress>
      <ZipAddress>61032-6836</ZipAddress>
      <PhoneNumber>(815) 266-4200</PhoneNumber>
      <EmployerIdentificationNumber>26-1086212</EmployerIdentificationNumber>
    </Employer_Common_Data>
    <Plan_Common_Data>
      <!--General Data Common to Both-->
      <PlanData FieldName="PlanNameA">The Morse Group, Inc. 401(k) Deferred Compensation Plan </PlanData>
      <PlanData FieldName="ProdPPAPPDVolSub4k"></PlanData>
      <PlanData FieldName="FooterSponsorName">Wipfli LLP</PlanData>
      <PlanData FieldName="SelectIndiv"></PlanData>
      <PlanData FieldName="YAA"></PlanData>
      <PlanData FieldName="TrustEIN">36-7156347</PlanData>
      <PlanData FieldName="NonDiscrTrustee"></PlanData>
      <PlanData FieldName="TrusteeAgreement">Mid-Atlantic Trust Company</PlanData>
      <PlanData FieldName="EEEligSameExclAllContr"></PlanData>
      <PlanData FieldName="W2Comp"></PlanData>
      <PlanData FieldName="CompAdjSameAllContr"></PlanData>
      <PlanData FieldName="LimitYRPYDec31"></PlanData>
      <PlanData FieldName="AmendRestate"></PlanData>
      <PlanData FieldName="HOSActual"></PlanData>
      <PlanData FieldName="ElecServCreditNA"></PlanData>
      <PlanData FieldName="EligCondDiffCondApply"></PlanData>
      <PlanData FieldName="YOSOtherMethMain"></PlanData>
      <PlanData FieldName="YOSEligCompPer"></PlanData>
      <PlanData FieldName="BrksServNA"></PlanData>
      <PlanData FieldName="ForfeitAllocApplyContr"></PlanData>
      <PlanData FieldName="NRALater">65</PlanData>
      <PlanData FieldName="VestingMain"></PlanData>
      <PlanData FieldName="YOSVestMain"></PlanData>
      <PlanData FieldName="YOSVestExclNA"></PlanData>
      <PlanData FieldName="ValTrustDateDaily"></PlanData>
      <PlanData FieldName="Anniv">fifth (5th)</PlanData>
      <PlanData FieldName="MasterPlanSponAddress">3703 Oakwood Hills Parkway</PlanData>
      <PlanData FieldName="MasterPlanSponPhone">(715) 832-3407</PlanData>
      <PlanData FieldName="MasterPlanSponName">Wipfli LLP</PlanData>
      <PlanData FieldName="MasterPlanSponCity">Eau Claire</PlanData>
      <PlanData FieldName="MasterPlanSponState">WI</PlanData>
      <PlanData FieldName="MasterPlanSponZip">54701</PlanData>
      <PlanData FieldName="YNAPrintBlank"></PlanData>
      <PlanData FieldName="YesSPDHeaderOrFooter"></PlanData>
      <PlanData FieldName="Y2ndAdoptER"></PlanData>
      <PlanData FieldName="Y3rdAdoptER"></PlanData>
      <PlanData FieldName="Y4thAdoptER"></PlanData>
      <PlanData FieldName="Y5thAdoptER"></PlanData>
      <PlanData FieldName="Y6thAdoptER"></PlanData>
      <PlanData FieldName="N7thAdoptER"></PlanData>
      <PlanData FieldName="TrusteeNameA">Mid-Atlantic Trust Company</PlanData>
      <PlanData FieldName="401kAmntDefContr"></PlanData>
      <PlanData FieldName="ContrTypeERNonElect"></PlanData>
      <PlanData FieldName="ContrType401kSafeHarb"></PlanData>
      <PlanData FieldName="AllocClass"></PlanData>
      <PlanData FieldName="ReleaseDate"></PlanData>
      <PlanData FieldName="PreEntryCompPartComp"></PlanData>
      <PlanData FieldName="EligCompPerPY"></PlanData>
      <PlanData FieldName="AutoDefDoNotApply"></PlanData>
      <PlanData FieldName="AllocCond"></PlanData>
      <PlanData FieldName="AccBalImmed"></PlanData>
      <PlanData FieldName="YInServDistr"></PlanData>
      <PlanData FieldName="PayMethLmpSum"></PlanData>
      <PlanData FieldName="PayMethAdHoc"></PlanData>
      <PlanData FieldName="AnnuitDistrExclJSAPS"></PlanData>
      <PlanData FieldName="AllEarnDaily"></PlanData>
      <PlanData FieldName="AllEarnNA"></PlanData>
      <PlanData FieldName="PlanNumOther">001</PlanData>
      <PlanData FieldName="EmployerNameA">The Morse Group, Inc.</PlanData>
      <PlanData FieldName="EmployerStreet">500 West South Street</PlanData>
      <PlanData FieldName="EmployerCity">Freeport</PlanData>
      <PlanData FieldName="EmployerState">Illinois</PlanData>
      <PlanData FieldName="EmployerZip">61032-6836</PlanData>
      <PlanData FieldName="EmployerPhone">(815) 266-4200</PlanData>
      <PlanData FieldName="EmployerTaxableYear">December 31</PlanData>
      <PlanData FieldName="EmployerEIN">26-1086212</PlanData>
      <PlanData FieldName="EmployerEmail">bscott@themorsegroup.com</PlanData>
      <PlanData FieldName="AffimDeferNoAutoEscalatn"></PlanData>
      <PlanData FieldName="FirstDayPYNextFollow"></PlanData>
      <PlanData FieldName="AdoptAgreeNum">003</PlanData>
      <PlanData FieldName="BasicPlanDocNum">08</PlanData>
      <PlanData FieldName="CatchupContributionsMatch"></PlanData>
      <PlanData FieldName="PlanExpDistrTermAmt">75; plus an additional $50 for a second distribution related to the Roth Account</PlanData>
      <PlanData FieldName="PlanExpQDROAmt">500</PlanData>
      <PlanData FieldName="PlanExpHardshipDistrAmt">125</PlanData>
      <PlanData FieldName="PlanExpInSvcDistrAmt">75; plus an additional $50 for a second distribution related to the Roth Account</PlanData>
      <PlanData FieldName="PlanExpDirInvAmt">200</PlanData>
      <PlanData FieldName="PlanExpOther1">In Plan Roth Transfer Fee $150 per transfer</PlanData>
      <PlanData FieldName="DisabilityDescribe">Must qualify for disability benefits under the Social Security Administration</PlanData>
      <PlanData FieldName="1stDay7thMonth"></PlanData>
      <PlanData FieldName="SameDateReqMet"></PlanData>
      <PlanData FieldName="ElectDeferLimitNone"></PlanData>
      <PlanData FieldName="CODADoNotApply"></PlanData>
      <PlanData FieldName="ERDiscrPSOpen"></PlanData>
      <PlanData FieldName="ERPSRelated"></PlanData>
      <PlanData FieldName="DescriptionofClass"></PlanData>
      <PlanData FieldName="QNECNotApplicable"></PlanData>
      <PlanData FieldName="SafeHarbContrNonElectYRbyYR"></PlanData>
      <PlanData FieldName="AllocCondTotalWaive"></PlanData>
      <PlanData FieldName="AllocCondTotalWaiveDoNotApply"></PlanData>
      <PlanData FieldName="TestElecNonDiscr"></PlanData>
      <PlanData FieldName="ERAAge">55</PlanData>
      <PlanData FieldName="ERAAnnivYOS">five (5)</PlanData>
      <PlanData FieldName="ERA"></PlanData>
      <PlanData FieldName="TestElecNonDiscrTrad"></PlanData>
      <PlanData FieldName="TestElecNonDiscrSafePossib"></PlanData>
      <PlanData FieldName="VstApplies"></PlanData>
      <PlanData FieldName="MandDistribution"></PlanData>
      <PlanData FieldName="MandDistributionLimit"></PlanData>
      <PlanData FieldName="InServDistrNoAdd"></PlanData>
      <PlanData FieldName="W2CompAllContr"></PlanData>
      <PlanData FieldName="HOSActualAll"></PlanData>
      <PlanData FieldName="1stDay7thMonthMatch"></PlanData>
      <PlanData FieldName="1stDay7thMonthNonElect"></PlanData>
      <PlanData FieldName="SameDateReqMetElectDef"></PlanData>
      <PlanData FieldName="AccBalImmedMandatory"></PlanData>
      <PlanData FieldName="AccBalImmedReqConsent"></PlanData>
      <PlanData FieldName="AllEarnDailyAllContr"></PlanData>
      <PlanData FieldName="FirstDayPYNextFollowMatch"></PlanData>
      <PlanData FieldName="FirstDayPYNextFollowNonElect"></PlanData>
      <PlanData FieldName="CatchupContributionsMatchAll"></PlanData>
      <PlanData FieldName="ERPSRelatedAll"></PlanData>
      <PlanData FieldName="AllocCondTerm501HOS"></PlanData>
      <PlanData FieldName="AllocCondTerm501HOSNonElect"></PlanData>
      <PlanData FieldName="AllocCondTerm501HOSForf"></PlanData>
      <PlanData FieldName="InServDistrDisability"></PlanData>
      <PlanData FieldName="InServDistrAge"></PlanData>
      <PlanData FieldName="DistribSeveranceEmployYes"></PlanData>
      <PlanData FieldName="InServDistrHardship"></PlanData>
      <PlanData FieldName="QualifiedReservistDistribution"></PlanData>
      <PlanData FieldName="InServDistrDisabilityAllContr"></PlanData>
      <PlanData FieldName="AllEarnNAAllContr"></PlanData>
      <PlanData FieldName="ValTrustDateDailyAllContr"></PlanData>
      <PlanData FieldName="SpecialEffDateTrusteeProv">August 1, 2014</PlanData>
      <PlanData FieldName="TestElecNonDiscrTradCYADP"></PlanData>
      <PlanData FieldName="VestModTopHvy"></PlanData>
      <PlanData FieldName="AllocRelated"></PlanData>
      <PlanData FieldName="AllocRelatedAlloc"></PlanData>
      <PlanData FieldName="AllocRelatedAllocAll"></PlanData>
      <PlanData FieldName="AnnuitDistrExclJSAPS1YR"></PlanData>
      <PlanData FieldName="AnnuitDistrExclJSAPS1YRNotAppl"></PlanData>
      <PlanData FieldName="SafeHarbContrNonElectYRbyYRPer">3</PlanData>
      <PlanData FieldName="SafeHarbContrNonElectYRbyYRPY">December 31, 2020</PlanData>
      <PlanData FieldName="YLongQASPD"></PlanData>
      <PlanData FieldName="YSafeHarborNotice"></PlanData>
      <PlanData FieldName="SpecialTaxNoticeYes"></PlanData>
      <PlanData FieldName="YPAG"></PlanData>
      <PlanData FieldName="YIndex"></PlanData>
      <PlanData FieldName="YAdmin"></PlanData>
      <PlanData FieldName="YQDIANotice"></PlanData>
      <PlanData FieldName="YCorp"></PlanData>
      <PlanData FieldName="YShortQASPD"></PlanData>
      <PlanData FieldName="GeneralForms"></PlanData>
      <PlanData FieldName="IncludeFollowingForms"></PlanData>
      <PlanData FieldName="PlanExpSpecificParticipantYes"></PlanData>
      <PlanData FieldName="1stAdoptERName">AMP Electric, Inc.</PlanData>
      <PlanData FieldName="1stAdoptERStreet">1390 Gateway Blvd.</PlanData>
      <PlanData FieldName="1stAdoptERPhone">815-266-4200</PlanData>
      <PlanData FieldName="1stAdoptEIN">39-1794622</PlanData>
      <PlanData FieldName="1stAdoptFiscalYear">December 31</PlanData>
      <PlanData FieldName="1stAdoptERCity">Beloit</PlanData>
      <PlanData FieldName="1stAdoptERState">Wisconsin</PlanData>
      <PlanData FieldName="1stAdoptERZip">53511</PlanData>
      <PlanData FieldName="1stAdoptEREffDate"></PlanData>
      <PlanData FieldName="1stAdoptERSpecDates"></PlanData>
      <PlanData FieldName="QDIACharacter"></PlanData>
      <PlanData FieldName="QDIADescription"></PlanData>
      <PlanData FieldName="QDIACharacterInvest">Growth and Income</PlanData>
      <PlanData FieldName="QDIACharacterRisk">60% Stocks; 40% Bonds</PlanData>
      <PlanData FieldName="QDIACharacterFees">0.38%</PlanData>
      <PlanData FieldName="QDIADescriptionFrequency">any day the Plan's investment provider systems are available for access</PlanData>
      <PlanData FieldName="QDIADescriptionFees">Please refer to the annual fee disclosure for fees &amp; expenses related to the plan.</PlanData>
      <PlanData FieldName="PlanLoansNone"></PlanData>
      <PlanData FieldName="ParticipantDirInvPerm"></PlanData>
      <PlanData FieldName="ParticDirInvPermAcc"></PlanData>
      <PlanData FieldName="ParticDirInvPermRest"></PlanData>
      <PlanData FieldName="ParticDirInvPermERISA"></PlanData>
      <PlanData FieldName="ParticDirInvPermQDIA"></PlanData>
      <PlanData FieldName="ParticDirInvPermAccAllAccounts"></PlanData>
      <PlanData FieldName="ParticDirInvPermRestNone"></PlanData>
      <PlanData FieldName="ParticDirInvPermERISAApplies"></PlanData>
      <PlanData FieldName="QDIAYes"></PlanData>
      <PlanData FieldName="RolloverContrPermit"></PlanData>
      <PlanData FieldName="RolloverContrPermitWho"></PlanData>
      <PlanData FieldName="RolloverContrPermitSource"></PlanData>
      <PlanData FieldName="RolloverContrPermitWhoEligible"></PlanData>
      <PlanData FieldName="RolloverContrPermitSourceAll"></PlanData>
      <PlanData FieldName="PlanExpensesPlanPays"></PlanData>
      <PlanData FieldName="RelatPartEmployerRelat"></PlanData>
      <PlanData FieldName="RelatPartEmployerPart"></PlanData>
      <PlanData FieldName="RelatPartEmployerForm"></PlanData>
      <PlanData FieldName="MultipleEmployerPlanStatus"></PlanData>
      <PlanData FieldName="RelatPartEmployerRelatName">AMP Electric, Inc., Automation Solutions of America, Inc., FBP Systems, Inc.,  The Rockwell Group, Inc. , Morse Electric Incorporated, and Industrial Electrical Engineers, Inc.</PlanData>
      <PlanData FieldName="RelatPartEmployerPartName">AMP Electric, Inc., Automation Solutions of America, Inc., FBP Systems, Inc.,  The Rockwell Group, Inc., Morse Electric Incorporated, and Industrial Electrical Engineers, Inc.</PlanData>
      <PlanData FieldName="RelatPartEmployerFormNone"></PlanData>
      <PlanData FieldName="TopHvyMinMultPlanNA"></PlanData>
      <PlanData FieldName="SelfEmplParticipantNotApply"></PlanData>
      <PlanData FieldName="ProtectedBenefitsNotApply"></PlanData>
      <PlanData FieldName="NLifeIns"></PlanData>
      <PlanData FieldName="Y1stAdoptER"></PlanData>
      <PlanData FieldName="ParticipatingEmployerSPD"></PlanData>
      <PlanData FieldName="YesParticipatingEmployer"></PlanData>
      <PlanData FieldName="PlanExpAppendixGeneral"></PlanData>
      <PlanData FieldName="PlanExpAppendixCharges"></PlanData>
      <PlanData FieldName="PlanExpAppendixGeneralCombin"></PlanData>
      <PlanData FieldName="PlanExpAppendixFollows"></PlanData>
      <PlanData FieldName="MandDistributionLimit5000"></PlanData>
      <PlanData FieldName="1stAdoptERSpecDatesNone"></PlanData>
      <PlanData FieldName="2ndAdoptEREffDate"></PlanData>
      <PlanData FieldName="2ndAdoptERSpecDates"></PlanData>
      <PlanData FieldName="2ndAdoptERSpecDatesNone"></PlanData>
      <PlanData FieldName="3rdAdoptEREffDate"></PlanData>
      <PlanData FieldName="3rdAdoptERSpecDates"></PlanData>
      <PlanData FieldName="3rdAdoptERSpecDatesNone"></PlanData>
      <PlanData FieldName="4thAdoptEREffDate"></PlanData>
      <PlanData FieldName="4thAdoptERSpecDates"></PlanData>
      <PlanData FieldName="4thAdoptERSpecDatesNone"></PlanData>
      <PlanData FieldName="5thAdoptEREffDate"></PlanData>
      <PlanData FieldName="5thAdoptERSpecDates"></PlanData>
      <PlanData FieldName="5thAdoptERSpecDatesNone"></PlanData>
      <PlanData FieldName="6thAdoptEREffDate"></PlanData>
      <PlanData FieldName="6thAdoptERSpecDates"></PlanData>
      <PlanData FieldName="6thAdoptERSpecDatesNone"></PlanData>
      <PlanData FieldName="2ndAdoptERPhone">815-266-4200</PlanData>
      <PlanData FieldName="2ndAdoptEIN">39-1981436</PlanData>
      <PlanData FieldName="2ndAdoptFiscalYear">December 31</PlanData>
      <PlanData FieldName="2ndAdoptERName">Automation Solutions of America, Inc.</PlanData>
      <PlanData FieldName="2ndAdoptERStreet">1390 Gateway Blvd.</PlanData>
      <PlanData FieldName="2ndAdoptERZip">53511</PlanData>
      <PlanData FieldName="2ndAdoptERCity">Beloit</PlanData>
      <PlanData FieldName="2ndAdoptERState">Wisconsin</PlanData>
      <PlanData FieldName="3rdAdoptERName">FBP Systems, Inc.</PlanData>
      <PlanData FieldName="3rdAdoptERStreet">625 E. Pamalyn Ave.</PlanData>
      <PlanData FieldName="3rdAdoptERPhone">815-266-4200</PlanData>
      <PlanData FieldName="3rdAdoptEIN">36-3178753</PlanData>
      <PlanData FieldName="3rdAdoptFiscalYear">December 31</PlanData>
      <PlanData FieldName="3rdAdoptERCity">Las Vegas</PlanData>
      <PlanData FieldName="3rdAdoptERState">Nevada</PlanData>
      <PlanData FieldName="3rdAdoptERZip">89119</PlanData>
      <PlanData FieldName="4thAdoptERName">The Rockwell Group, Inc.</PlanData>
      <PlanData FieldName="4thAdoptERStreet">500 West South Street</PlanData>
      <PlanData FieldName="4thAdoptERPhone">815-266-4200</PlanData>
      <PlanData FieldName="4thAdoptEIN">36-4053385</PlanData>
      <PlanData FieldName="4thAdoptFiscalYear">December 31</PlanData>
      <PlanData FieldName="4thAdoptERCity">Freeport</PlanData>
      <PlanData FieldName="4thAdoptERState">Illinois</PlanData>
      <PlanData FieldName="4thAdoptERZip">61032</PlanData>
      <PlanData FieldName="5thAdoptERName">Morse Electric Incorporated</PlanData>
      <PlanData FieldName="5thAdoptERStreet">500 West South Street</PlanData>
      <PlanData FieldName="5thAdoptERPhone">815-266-4200</PlanData>
      <PlanData FieldName="5thAdoptEIN">36-2428820</PlanData>
      <PlanData FieldName="5thAdoptFiscalYear">December 31</PlanData>
      <PlanData FieldName="5thAdoptERCity">Freeport</PlanData>
      <PlanData FieldName="5thAdoptERState">Illinois</PlanData>
      <PlanData FieldName="5thAdoptERZip">61032</PlanData>
      <PlanData FieldName="6thAdoptERName">Industrial Electrical Engineers, Inc.</PlanData>
      <PlanData FieldName="6thAdoptERStreet">500 West South Street</PlanData>
      <PlanData FieldName="6thAdoptERPhone">815-266-4200</PlanData>
      <PlanData FieldName="6thAdoptEIN">36-4190211</PlanData>
      <PlanData FieldName="6thAdoptFiscalYear">December 31</PlanData>
      <PlanData FieldName="6thAdoptERCity">Freeport</PlanData>
      <PlanData FieldName="6thAdoptERState">Illinois</PlanData>
      <PlanData FieldName="6thAdoptERZip">61032</PlanData>
      <PlanData FieldName="BasicPlanDocNameA">Wipfli LLP Defined Contribution Volume Submitter Plan and Trust</PlanData>
      <PlanData FieldName="HeaderForSPD">The Morse Group, Inc. 401(k) Deferred Compensation Plan</PlanData>
      <PlanData FieldName="FooterForSPDTitlePage"></PlanData>
      <PlanData FieldName="FooterNameForSPDTitlePage">Updated October 1, 2019</PlanData>
      <PlanData FieldName="TrusteeNameANonDiscretion"></PlanData>
      <PlanData FieldName="DistrCashProp"></PlanData>
      <PlanData FieldName="SafeHarbContrAdd"></PlanData>
      <PlanData FieldName="SafeHarbContrAddMatch"></PlanData>
      <PlanData FieldName="SafeHarbContrAddMatchDis"></PlanData>
      <PlanData FieldName="VestModTopHvyNoneElect"></PlanData>
      <PlanData FieldName="VestModTopHvyAddMatch"></PlanData>
      <PlanData FieldName="EmployerSecuritiesNA"></PlanData>
      <PlanData FieldName="1stAdoptERRestate"></PlanData>
      <PlanData FieldName="1stAdoptERRestateDate">January 1, 2015</PlanData>
      <PlanData FieldName="2ndAdoptERRestate"></PlanData>
      <PlanData FieldName="3rdAdoptERRestate"></PlanData>
      <PlanData FieldName="4thAdoptERRestate"></PlanData>
      <PlanData FieldName="5thAdoptERRestate"></PlanData>
      <PlanData FieldName="6thAdoptERRestate"></PlanData>
      <PlanData FieldName="2ndAdoptERRestateDate">January 1, 2015</PlanData>
      <PlanData FieldName="3rdAdoptERRestateDate">January 1, 2015</PlanData>
      <PlanData FieldName="4thAdoptERRestateDate">January 1, 2015</PlanData>
      <PlanData FieldName="5thAdoptERRestateDate">January 1, 2015</PlanData>
      <PlanData FieldName="6thAdoptERRestateDate">January 1, 2015</PlanData>
      <PlanData FieldName="AllocCondSuspend"></PlanData>
      <PlanData FieldName="AllocCondSuspendAppliesNo"></PlanData>
      <PlanData FieldName="SafeHarbContrAddMatchDisBlank">5</PlanData>
      <PlanData FieldName="NAffilGrp"></PlanData>
      <PlanData FieldName="YControlGrp"></PlanData>
      <PlanData FieldName="NAMultipleEmployerPlan"></PlanData>
      <PlanData FieldName="AllocClassEach"></PlanData>
      <PlanData FieldName="YOSOtherMeth">1,000</PlanData>
      <PlanData FieldName="YOSVest">1,000</PlanData>
      <PlanData FieldName="NAMultipleEmployerStatusPlan"></PlanData>
      <PlanData FieldName="OtherAddressTelephone"></PlanData>
      <PlanData FieldName="OtherAddressStreet">1251 Waterfront Place, Suite 525</PlanData>
      <PlanData FieldName="OtherAddressCity">Pittsburgh</PlanData>
      <PlanData FieldName="OtherAddressState">Pennsylvania</PlanData>
      <PlanData FieldName="OtherAddressZip">15222</PlanData>
      <PlanData FieldName="OtherAddressPhone">412-391-7077</PlanData>
      <PlanData FieldName="AdminChecklistDate">June 1, 2014</PlanData>
      <PlanData FieldName="ERAAnnivVesting"></PlanData>
      <PlanData FieldName="QDIAType"></PlanData>
      <PlanData FieldName="QDIATypeBalanced">Moderate Portfolio</PlanData>
      <PlanData FieldName="SHNPlanYearsBeginOn">January 1, 2015</PlanData>
      <PlanData FieldName="SupplementalSHNBlankNotice"></PlanData>
      <PlanData FieldName="WordForWord"></PlanData>
      <PlanData FieldName="LimitYRLYPY"></PlanData>
      <PlanData FieldName="InitialEffectiveDate">1996-10-01</PlanData>
      <PlanData FieldName="MergePlanEffDate">January 1, 2015</PlanData>
      <PlanData FieldName="PPARestate"></PlanData>
      <PlanData FieldName="RothYes"></PlanData>
      <PlanData FieldName="ExceptEEUnion"></PlanData>
      <PlanData FieldName="ExceptEEClassDescribe">Self-Employed individuals and Independent Contractors as to all contribution types shall not be eligible</PlanData>
      <PlanData FieldName="ExceptEEUnionAllContr"></PlanData>
      <PlanData FieldName="AllocRelatedSharing"></PlanData>
      <PlanData FieldName="AllocRelatedSharingAcross"></PlanData>
      <PlanData FieldName="SafeHarbContrPossible"></PlanData>
      <PlanData FieldName="SafeHarbContrPossibleApplies"></PlanData>
      <PlanData FieldName="SafeHarbContrEarly"></PlanData>
      <PlanData FieldName="InPlanRothRolloverNo"></PlanData>
      <PlanData FieldName="TestElecNonDiscrTradCYACP"></PlanData>
      <PlanData FieldName="415RegPosSevAdjSameAllContr"></PlanData>
      <PlanData FieldName="Final415RegExcDefComp"></PlanData>
      <PlanData FieldName="415RegExclDefCompAllContr"></PlanData>
      <PlanData FieldName="PreEntryCompPartCompAllContr"></PlanData>
      <PlanData FieldName="BenDistribTimeBenElect"></PlanData>
      <PlanData FieldName="MandDistributionApp"></PlanData>
      <PlanData FieldName="MandDistributionAmount"></PlanData>
      <PlanData FieldName="MandDistributionAmountExceeds"></PlanData>
      <PlanData FieldName="MandDistributionAppDisregard"></PlanData>
      <PlanData FieldName="InServDistrAge59Must">59 1/2</PlanData>
      <PlanData FieldName="InServDistrAge59MustAllContr"></PlanData>
      <PlanData FieldName="InServDistrHardshipSHAll"></PlanData>
      <PlanData FieldName="InServDistrHardshipSHElect"></PlanData>
      <PlanData FieldName="QualifiedReservDistrElect"></PlanData>
      <PlanData FieldName="DistribSeveranceEmployAllContr"></PlanData>
      <PlanData FieldName="YOSVestPY12"></PlanData>
      <PlanData FieldName="YOSVestPY"></PlanData>
      <PlanData FieldName="CompAdjExclFringeBen"></PlanData>
      <PlanData FieldName="DescribeCompExclusion">Compensation classified as taxable vehicle allowance shall be excluded from all contributions.</PlanData>
      <PlanData FieldName="CompAdjExclFringeBenAllContr"></PlanData>
      <PlanData FieldName="AgeOther">21</PlanData>
      <PlanData FieldName="YRServReq"></PlanData>
      <PlanData FieldName="AgeOtherAllContr"></PlanData>
      <PlanData FieldName="YRServReqMatch"></PlanData>
      <PlanData FieldName="YRServReqNonelect"></PlanData>
      <PlanData FieldName="YRServReqSH"></PlanData>
      <PlanData FieldName="ForfeitAddNonElect"></PlanData>
      <PlanData FieldName="ForfeitAddMatch"></PlanData>
      <PlanData FieldName="ForfeitReduceNonElect"></PlanData>
      <PlanData FieldName="ForfeitMatch"></PlanData>
      <PlanData FieldName="ForfeitPlanExpense"></PlanData>
      <PlanData FieldName="ForfeitAddNonElectAll"></PlanData>
      <PlanData FieldName="ForfeitAddMatchAll"></PlanData>
      <PlanData FieldName="ForfeitReduceNonElectAll"></PlanData>
      <PlanData FieldName="ForfeitMatchAll"></PlanData>
      <PlanData FieldName="ForfeitPlanExpenseAll"></PlanData>
      <PlanData FieldName="VestSpecial">Profit sharing vesting schedule is effective for new Participants on or after January 1, 2010.   The employer matching vesting schedule is effective for new Participants on or after January 1, 2015. Prior to January 1, 2015, all eligible participants are 100% vested in the employer matching contribution.</PlanData>
      <PlanData FieldName="TopHvyLess1">0</PlanData>
      <PlanData FieldName="TopHvy1">0</PlanData>
      <PlanData FieldName="TopHvy2">50</PlanData>
      <PlanData FieldName="TopHvy3">100</PlanData>
      <PlanData FieldName="TopHvy4">100</PlanData>
      <PlanData FieldName="TopHvy5">100</PlanData>
      <PlanData FieldName="TopHvy6Plus"></PlanData>
      <PlanData FieldName="BasicPlanOverRideNA"></PlanData>
      <PlanData FieldName="InPlanRothTransferDate">January 1, 2018</PlanData>
      <PlanData FieldName="InPlanRothTransfer"></PlanData>
      <PlanData FieldName="InPlanRothTransf_AllAcct"></PlanData>
      <PlanData FieldName="InPlanRothTransf_LimitsYes"></PlanData>
      <PlanData FieldName="InPlanRothTransf_LimitsFullVes"></PlanData>
      <PlanData FieldName="InPlanRothTransferAmendment"></PlanData>
      <PlanData FieldName="1stAdoptEROriginalEffDate">October 1, 1996</PlanData>
      <PlanData FieldName="2ndAdoptEROriginalEffDate">October 1, 1996</PlanData>
      <PlanData FieldName="3rdAdoptEROriginalEffDate">October 1, 1996</PlanData>
      <PlanData FieldName="4thAdoptEROriginalEffDate">October 1, 1996</PlanData>
      <PlanData FieldName="5thAdoptEROriginalEffDate">October 1, 1996</PlanData>
      <PlanData FieldName="6thAdoptEROriginalEffDate">October 1, 1996</PlanData>
      <PlanData FieldName="SafeHarbContrAddTime">the Plan Year.</PlanData>
      <PlanData FieldName="COLA2018Y">2021</PlanData>
      <PlanData FieldName="COLA2018AnnualCompLimit">290,000</PlanData>
      <PlanData FieldName="COLA2018_415DollarLimit">58,000</PlanData>
      <PlanData FieldName="COLA2018Reg401kDefLimit">19,500</PlanData>
      <PlanData FieldName="COLA2018Reg401kCatchUpLimit">6,500</PlanData>
    </Plan_Common_Data>
  </Plan_Data>
</Relius_Admin_Doc_Link>