﻿<?xml version="1.0" encoding="utf-8"?>
<Relius_Admin_Doc_Link Version="1.0">
  <Plan_Data>
    <Documents_Specific_Data>
      <!--Data Shared From RD-->
      <ProductId>7862</ProductId>
      <ProductName>Vol Submitter 401(k)</ProductName>
      <ProductVersion>10.0</ProductVersion>
      <ProjectId>{A2A9ECF6-E1D7-4FE6-91AD-9576720E62F2}</ProjectId>
      <ProjectName>Wild Blue</ProjectName>
      <FileLocation></FileLocation>
    </Documents_Specific_Data>
    <Admin_Specific_Data>
      <!--Data Shared From RA-->
    </Admin_Specific_Data>
    <Employer_Common_Data>
      <!--Employer Data Common to both RA and RD-->
      <CompanyName>Wild Blue Technologies, Inc.</CompanyName>
      <StreetAddress>860 O'Keefe Road</StreetAddress>
      <CityAddress>De Pere</CityAddress>
      <StateAddress>WI</StateAddress>
      <ZipAddress>54115</ZipAddress>
      <PhoneNumber>920-983-2911</PhoneNumber>
      <EmployerIdentificationNumber>39-1947903</EmployerIdentificationNumber>
    </Employer_Common_Data>
    <Plan_Common_Data>
      <!--General Data Common to Both-->
      <PlanData FieldName="PlanNameA">Wild Blue Technologies 401(k) Plan </PlanData>
      <PlanData FieldName="ProdPPAPPDVolSub4k"></PlanData>
      <PlanData FieldName="FooterSponsorName">Wipfli LLP</PlanData>
      <PlanData FieldName="SelectIndiv"></PlanData>
      <PlanData FieldName="YAA"></PlanData>
      <PlanData FieldName="DiscrTrustee"></PlanData>
      <PlanData FieldName="EEEligReq"></PlanData>
      <PlanData FieldName="415Comp"></PlanData>
      <PlanData FieldName="NACompAdj"></PlanData>
      <PlanData FieldName="LimitYRPYDec31"></PlanData>
      <PlanData FieldName="NewTrust"></PlanData>
      <PlanData FieldName="HOSActual"></PlanData>
      <PlanData FieldName="ElecServCreditNA"></PlanData>
      <PlanData FieldName="EligCondSameAllContr"></PlanData>
      <PlanData FieldName="YOSOtherMethMain"></PlanData>
      <PlanData FieldName="YOSEligCompPer"></PlanData>
      <PlanData FieldName="BrksServNA"></PlanData>
      <PlanData FieldName="ForfeitAllocApplyContr"></PlanData>
      <PlanData FieldName="NRA">65</PlanData>
      <PlanData FieldName="VestingMain"></PlanData>
      <PlanData FieldName="YOSVestMain"></PlanData>
      <PlanData FieldName="YOSVestExclNA"></PlanData>
      <PlanData FieldName="ValTrustDateDaily"></PlanData>
      <PlanData FieldName="MasterPlanSponAddress">3703 Oakwood Hills Parkway</PlanData>
      <PlanData FieldName="MasterPlanSponPhone">(715) 832-3407</PlanData>
      <PlanData FieldName="MasterPlanSponName">Wipfli LLP</PlanData>
      <PlanData FieldName="MasterPlanSponCity">Eau Claire</PlanData>
      <PlanData FieldName="MasterPlanSponState">WI</PlanData>
      <PlanData FieldName="MasterPlanSponZip">54701</PlanData>
      <PlanData FieldName="YNAPrintBlank"></PlanData>
      <PlanData FieldName="YesSPDHeaderOrFooter"></PlanData>
      <PlanData FieldName="N2ndAdoptER"></PlanData>
      <PlanData FieldName="TrusteeNameA">Steve McLean</PlanData>
      <PlanData FieldName="TrusteeNameB">William Van Epern</PlanData>
      <PlanData FieldName="401kAmntDefContr"></PlanData>
      <PlanData FieldName="ContrTypeERNonElect"></PlanData>
      <PlanData FieldName="ContrType401kSafeHarb"></PlanData>
      <PlanData FieldName="AllocClass"></PlanData>
      <PlanData FieldName="ReleaseDate"></PlanData>
      <PlanData FieldName="PreEntryCompPartComp"></PlanData>
      <PlanData FieldName="EligCompPerPY"></PlanData>
      <PlanData FieldName="AutoDefDoNotApply"></PlanData>
      <PlanData FieldName="NoAllocCond"></PlanData>
      <PlanData FieldName="AccBalNextValDate"></PlanData>
      <PlanData FieldName="YInServDistr"></PlanData>
      <PlanData FieldName="PayMethLmpSum"></PlanData>
      <PlanData FieldName="PayMethAdHoc"></PlanData>
      <PlanData FieldName="AnnuitDistrExclJSAPS"></PlanData>
      <PlanData FieldName="AllEarnDaily"></PlanData>
      <PlanData FieldName="PlanNumOther">001</PlanData>
      <PlanData FieldName="EmployerNameA">Wild Blue Technologies, Inc.</PlanData>
      <PlanData FieldName="EmployerStreet">860 O'Keefe Road</PlanData>
      <PlanData FieldName="EmployerCity">De Pere</PlanData>
      <PlanData FieldName="EmployerState">Wisconsin</PlanData>
      <PlanData FieldName="EmployerZip">54115</PlanData>
      <PlanData FieldName="EmployerPhone">920-983-2911</PlanData>
      <PlanData FieldName="EmployerTaxableYear">12/31</PlanData>
      <PlanData FieldName="EmployerEIN">39-1947903</PlanData>
      <PlanData FieldName="AffimDeferNoAutoEscalatn"></PlanData>
      <PlanData FieldName="FirstDayPYNextFolowing"></PlanData>
      <PlanData FieldName="AdoptAgreeNum">003</PlanData>
      <PlanData FieldName="BasicPlanDocNum">08</PlanData>
      <PlanData FieldName="CatchupContributionsMatch"></PlanData>
      <PlanData FieldName="ExecAASections">Adm. Checklist and Participation Agreement</PlanData>
      <PlanData FieldName="ExecEffective">January 1, 2020</PlanData>
      <PlanData FieldName="ExecAAPageNum">Adm. Checklist and Participation Agreement</PlanData>
      <PlanData FieldName="DisabilityDescribe">it is determined by the Social Security Administration</PlanData>
      <PlanData FieldName="SpecEligEffDateWaiverAfterDate">January 1, 2017</PlanData>
      <PlanData FieldName="1stDayPYQrtr"></PlanData>
      <PlanData FieldName="ElectDeferLimitNone"></PlanData>
      <PlanData FieldName="CODADoNotApply"></PlanData>
      <PlanData FieldName="ERDiscrPSOpen"></PlanData>
      <PlanData FieldName="DescriptionofClass"></PlanData>
      <PlanData FieldName="QNECNotApplicable"></PlanData>
      <PlanData FieldName="SafeHarbContrNonElect">3</PlanData>
      <PlanData FieldName="TestElecNonDiscr"></PlanData>
      <PlanData FieldName="ERANotApplicable"></PlanData>
      <PlanData FieldName="TestElec401kSafeHarb"></PlanData>
      <PlanData FieldName="VstApplies"></PlanData>
      <PlanData FieldName="MandDistribution"></PlanData>
      <PlanData FieldName="MandDistributionLimit"></PlanData>
      <PlanData FieldName="InServDistrNoAdd"></PlanData>
      <PlanData FieldName="415CompAllContr"></PlanData>
      <PlanData FieldName="HOSActualAll"></PlanData>
      <PlanData FieldName="1stDayPYQrtrAllContr"></PlanData>
      <PlanData FieldName="TestElecNonDiscrSafeNoTest"></PlanData>
      <PlanData FieldName="AccBalNextValDateMandatory"></PlanData>
      <PlanData FieldName="AccBalNextValDateReqConsent"></PlanData>
      <PlanData FieldName="AllEarnDailyAllContr"></PlanData>
      <PlanData FieldName="FirstDayPYNextFolowingAllContr"></PlanData>
      <PlanData FieldName="CatchupContributionsMatchAll"></PlanData>
      <PlanData FieldName="InServDistrDisability"></PlanData>
      <PlanData FieldName="InServDistrAge"></PlanData>
      <PlanData FieldName="DistribSeveranceEmployYes"></PlanData>
      <PlanData FieldName="InServDistrHardship"></PlanData>
      <PlanData FieldName="QualifiedReservistDistribution"></PlanData>
      <PlanData FieldName="InServDistrDisabilityAllContr"></PlanData>
      <PlanData FieldName="ValTrustDateDailyAllContr"></PlanData>
      <PlanData FieldName="SpecialEffDateNA"></PlanData>
      <PlanData FieldName="VestTopHvy6YRGrade"></PlanData>
      <PlanData FieldName="VestTopHvy6YRGradeAllContr"></PlanData>
      <PlanData FieldName="AnnuitDistrExclJSAPS1YR"></PlanData>
      <PlanData FieldName="AnnuitDistrExclJSAPS1YRNotAppl"></PlanData>
      <PlanData FieldName="YLongQASPD"></PlanData>
      <PlanData FieldName="YSafeHarborNotice"></PlanData>
      <PlanData FieldName="YPAG"></PlanData>
      <PlanData FieldName="YIndex"></PlanData>
      <PlanData FieldName="YAdmin"></PlanData>
      <PlanData FieldName="YQDIANotice"></PlanData>
      <PlanData FieldName="YCorp"></PlanData>
      <PlanData FieldName="YShortQASPD"></PlanData>
      <PlanData FieldName="GeneralForms"></PlanData>
      <PlanData FieldName="1stAdoptERName">Ready Set Technologies, Inc.</PlanData>
      <PlanData FieldName="1stAdoptERStreet">1314 S. Broadway Street</PlanData>
      <PlanData FieldName="1stAdoptERPhone">920-983-2911</PlanData>
      <PlanData FieldName="1stAdoptEIN">84-2641472</PlanData>
      <PlanData FieldName="1stAdoptFiscalYear">12/31</PlanData>
      <PlanData FieldName="1stAdoptERCity">De Pere</PlanData>
      <PlanData FieldName="1stAdoptERState">Wisconsin</PlanData>
      <PlanData FieldName="1stAdoptERZip">54115</PlanData>
      <PlanData FieldName="1stAdoptEREffDate"></PlanData>
      <PlanData FieldName="1stAdoptERSpecDates"></PlanData>
      <PlanData FieldName="QDIACharacter"></PlanData>
      <PlanData FieldName="QDIADescription"></PlanData>
      <PlanData FieldName="QDIACharacterInvest">See Portfolio Fact Sheet</PlanData>
      <PlanData FieldName="QDIACharacterRisk">See Portfolio Fact Sheet</PlanData>
      <PlanData FieldName="QDIACharacterFees">See Portfolio Fact Sheet</PlanData>
      <PlanData FieldName="QDIADescriptionFrequency">at any time</PlanData>
      <PlanData FieldName="PlanLoansNone"></PlanData>
      <PlanData FieldName="ParticipantDirInvPerm"></PlanData>
      <PlanData FieldName="ParticDirInvPermAcc"></PlanData>
      <PlanData FieldName="ParticDirInvPermRest"></PlanData>
      <PlanData FieldName="ParticDirInvPermERISA"></PlanData>
      <PlanData FieldName="ParticDirInvPermQDIA"></PlanData>
      <PlanData FieldName="ParticDirInvPermAccAllAccounts"></PlanData>
      <PlanData FieldName="ParticDirInvPermRestNone"></PlanData>
      <PlanData FieldName="ParticDirInvPermERISAApplies"></PlanData>
      <PlanData FieldName="QDIAYes"></PlanData>
      <PlanData FieldName="RolloverContrPermit"></PlanData>
      <PlanData FieldName="RolloverContrPermitWho"></PlanData>
      <PlanData FieldName="RolloverContrPermitSource"></PlanData>
      <PlanData FieldName="RolloverContrPermitWhoEligible"></PlanData>
      <PlanData FieldName="RolloverContrPermitSourceAll"></PlanData>
      <PlanData FieldName="PlanExpensesEmployerPays"></PlanData>
      <PlanData FieldName="RelatPartEmployerRelat"></PlanData>
      <PlanData FieldName="RelatPartEmployerPart"></PlanData>
      <PlanData FieldName="RelatPartEmployerForm"></PlanData>
      <PlanData FieldName="MultipleEmployerPlanStatus"></PlanData>
      <PlanData FieldName="RelatPartEmployerRelatName">Ready Set Technologies, Inc.</PlanData>
      <PlanData FieldName="RelatPartEmployerPartName">Ready Set Technologies, Inc.</PlanData>
      <PlanData FieldName="RelatPartEmployerFormNone"></PlanData>
      <PlanData FieldName="TopHvyMinMultPlanNA"></PlanData>
      <PlanData FieldName="SelfEmplParticipantNotApply"></PlanData>
      <PlanData FieldName="ProtectedBenefitsNotApply"></PlanData>
      <PlanData FieldName="NLifeIns"></PlanData>
      <PlanData FieldName="Y1stAdoptER"></PlanData>
      <PlanData FieldName="ParticipatingEmployerSPD"></PlanData>
      <PlanData FieldName="YesParticipatingEmployer"></PlanData>
      <PlanData FieldName="MandDistributionLimit5000"></PlanData>
      <PlanData FieldName="1stAdoptERSpecDatesNone"></PlanData>
      <PlanData FieldName="BasicPlanDocNameA">Wipfli LLP Defined Contribution Volume Submitter Plan and Trust</PlanData>
      <PlanData FieldName="FooterForSPD">Effective 1/1/2020</PlanData>
      <PlanData FieldName="FooterForSPDTitlePage"></PlanData>
      <PlanData FieldName="FooterSPDTitlePageSame"></PlanData>
      <PlanData FieldName="TrusteeNameADiscretion"></PlanData>
      <PlanData FieldName="TrusteeNameBDiscretion"></PlanData>
      <PlanData FieldName="DistrCashOnly"></PlanData>
      <PlanData FieldName="SafeHarbContrAdd"></PlanData>
      <PlanData FieldName="SafeHarbContrAddNoMatch"></PlanData>
      <PlanData FieldName="EmployerSecuritiesNA"></PlanData>
      <PlanData FieldName="1stAdoptERRestate"></PlanData>
      <PlanData FieldName="1stAdoptERRestateDate">January 1, 2020</PlanData>
      <PlanData FieldName="NAffilGrp"></PlanData>
      <PlanData FieldName="YControlGrp"></PlanData>
      <PlanData FieldName="NAMultipleEmployerPlan"></PlanData>
      <PlanData FieldName="AllocClassEach"></PlanData>
      <PlanData FieldName="YOSOtherMeth">1,000</PlanData>
      <PlanData FieldName="YOSVest">1,000</PlanData>
      <PlanData FieldName="NAMultipleEmployerStatusPlan"></PlanData>
      <PlanData FieldName="EmployerAddressTelephone"></PlanData>
      <PlanData FieldName="AdminChecklistDate">January 2020</PlanData>
      <PlanData FieldName="QDIAType"></PlanData>
      <PlanData FieldName="QDIATypeLife"></PlanData>
      <PlanData FieldName="QDIAMultiplePrimaryDescInv">Moderate Portfolio</PlanData>
      <PlanData FieldName="YAnnNoticeLtr"></PlanData>
      <PlanData FieldName="SHNPlanYearsBeginOn">January 1, 2020</PlanData>
      <PlanData FieldName="WordForWord"></PlanData>
      <PlanData FieldName="LimitYRLYPY"></PlanData>
      <PlanData FieldName="InitialEffectiveDate">2017-01-01</PlanData>
      <PlanData FieldName="RothYes"></PlanData>
      <PlanData FieldName="SafeHarbContrPossible"></PlanData>
      <PlanData FieldName="SafeHarbContrPossibleApplies"></PlanData>
      <PlanData FieldName="InPlanRothRollover"></PlanData>
      <PlanData FieldName="InPlanRothRolloverDate">January 1, 2017</PlanData>
      <PlanData FieldName="415RegPosSevAdjSameAllContr"></PlanData>
      <PlanData FieldName="Final415RegExcDefComp"></PlanData>
      <PlanData FieldName="415RegExclDefCompAllContr"></PlanData>
      <PlanData FieldName="PreEntryCompPartCompAllContr"></PlanData>
      <PlanData FieldName="BenDistribTimeBenElect"></PlanData>
      <PlanData FieldName="AccBalNRA"></PlanData>
      <PlanData FieldName="MandDistributionApp"></PlanData>
      <PlanData FieldName="MandDistributionAmount"></PlanData>
      <PlanData FieldName="MandDistributionAmountExceeds"></PlanData>
      <PlanData FieldName="MandDistributionAppDisregard"></PlanData>
      <PlanData FieldName="InServDistrAge59Must">59 1/2</PlanData>
      <PlanData FieldName="InServDistrAge59MustAllContr"></PlanData>
      <PlanData FieldName="InServDistrHardshipSHAll"></PlanData>
      <PlanData FieldName="InServDistrHardshipSHElect"></PlanData>
      <PlanData FieldName="InServDistrHardshipSHSimple"></PlanData>
      <PlanData FieldName="QualifiedReservDistrElect"></PlanData>
      <PlanData FieldName="DistribSeveranceEmployAllContr"></PlanData>
      <PlanData FieldName="YOSVestPY12"></PlanData>
      <PlanData FieldName="YOSVestPY"></PlanData>
      <PlanData FieldName="AgeOther">18</PlanData>
      <PlanData FieldName="ConsecMonthsServReq">3</PlanData>
      <PlanData FieldName="AgeOtherAllContr"></PlanData>
      <PlanData FieldName="ConsecMonthsServReqAllContr"></PlanData>
      <PlanData FieldName="ForfeitAddNonElect"></PlanData>
      <PlanData FieldName="ForfeitReduceNonElect"></PlanData>
      <PlanData FieldName="ForfeitPlanExpense"></PlanData>
      <PlanData FieldName="ForfeitAddNonElectAll"></PlanData>
      <PlanData FieldName="ForfeitReduceNonElectAll"></PlanData>
      <PlanData FieldName="ForfeitPlanExpenseAll"></PlanData>
      <PlanData FieldName="InPlanRothTransferDate">January 1, 2017</PlanData>
      <PlanData FieldName="InPlanRothTransfer"></PlanData>
      <PlanData FieldName="InPlanRothTransf_AllAcct"></PlanData>
      <PlanData FieldName="InPlanRothTransf_LimitsNo"></PlanData>
      <PlanData FieldName="InPlanRothTransferAmendment"></PlanData>
      <PlanData FieldName="1stAdoptEROriginalEffDate">January 1, 2017</PlanData>
      <PlanData FieldName="COLA2020AnnualCompLimit">285,000</PlanData>
      <PlanData FieldName="COLA2020_415DollarLimit">57,000</PlanData>
      <PlanData FieldName="COLA2020Reg401kDefLimit">19,500</PlanData>
      <PlanData FieldName="COLA2020Reg401kCatchUpLimit">6,500</PlanData>
      <PlanData FieldName="COLA2020Y">2020</PlanData>
    </Plan_Common_Data>
  </Plan_Data>
</Relius_Admin_Doc_Link>